# p43mv_majority: settled base states, one per line.
# base_state<TAB>seconds<TAB>base_mask<TAB>break -- every one RESULT UNSAT (no witness).
# host p43_minus1v.bits, base {0 1 2 3 10}, base_states 8031.
# This file IS the record: done/ is resumption state and untracked.
# Written by sweep_snapshot.sh; rebuild done/ with sweep_rehydrate.sh p43mv_majority.
0	54.817		
1	84.903		
2	77.142		
3	72.712		
4	122.271		
5	60.466		
6	87.647		
7	87.692		
8	79.164		
9	157.641		
10	125.605		
11	142.645		
12	220.799		
13	62.597		
14	103.916		
15	111.008		
16	62.463		
17	94.696		
18	88.784		
19	154.408		
20	118.183		
21	98.128		
22	84.879		
23	150.741		
24	175.069		
25	131.930		
26	151.186		
27	52.320		
28	70.415		
29	125.898		
30	91.141		
31	82.879		
32	79.292		
33	107.834		
34	185.917		
35	111.616		
36	178.988		
37	155.313		
38	101.127		
39	132.426		
40	107.487		
41	111.130		
42	181.370		
43	63.483		
44	85.028		
45	45.593		
46	111.917		
47	99.997		
48	78.753		
49	73.159		
50	53.845		
51	71.084		
52	123.072		
53	135.191		
54	110.494		
55	93.374		
56	61.394		
57	107.024		
58	106.319		
59	111.644		
60	175.002		
61	135.493		
62	159.310		
63	84.120		
64	105.691		
65	143.215		
66	185.237		
67	101.187		
68	43.737		
69	60.169		
70	63.919		
71	78.630		
72	68.914		
73	107.300		
74	91.430		
75	88.612		
76	76.127		
77	65.059		
78	66.216		
79	38.096		
80	82.014		
81	66.083		
82	9.761		
83	66.552		
84	60.154		
85	11.214		
86	41.786		
87	67.898		
88	63.581		
89	18.665		
90	53.649		
91	98.271		
92	40.959		
93	98.332		
94	103.853		
95	115.702		
96	101.666		
97	162.572		
98	137.488		
99	81.533		
100	148.104		
101	80.934		
102	124.457		
103	77.528		
104	52.521		
105	110.040		
106	75.026		
107	150.484		
108	116.265		
109	68.420		
110	118.838		
111	35.768		
112	52.262		
113	86.489		
114	110.513		
115	120.673		
116	99.488		
117	61.431		
118	97.581		
119	84.136		
120	90.984		
121	173.939		
122	30.098		
123	89.455		
124	60.606		
125	114.808		
126	81.597		
127	141.896		
128	76.328		
129	93.972		
130	9.238		
131	59.237		
132	30.325		
133	77.116		
134	126.074		
135	207.719		
136	130.424		
137	98.885		
138	98.398		
139	80.317		
140	113.846		
141	81.654		
142	128.015		
143	173.901		
144	138.534		
145	111.373		
146	222.237		
147	172.695		
148	203.771		
149	58.043		
150	52.292		
151	41.735		
152	68.834		
153	47.547		
154	79.486		
155	87.896		
156	147.247		
157	123.554		
158	106.190		
159	77.908		
160	121.525		
161	79.175		
162	90.282		
163	88.443		
164	127.829		
165	196.713		
166	129.230		
167	79.802		
168	91.220		
169	118.028		
170	191.542		
171	133.164		
172	197.732		
173	40.243		
174	82.864		
175	71.926		
176	52.337		
177	53.871		
178	47.721		
179	91.951		
180	180.618		
181	34.544		
182	108.273		
183	116.644		
184	166.111		
185	122.239		
186	116.569		
187	172.287		
188	131.914		
189	70.569		
190	129.040		
191	66.277		
192	108.351		
193	88.365		
194	8.725		
195	46.251		
196	78.896		
197	13.508		
198	32.833		
199	63.946		
200	112.815		
201	132.331		
202	23.642		
203	100.527		
204	64.160		
205	16.967		
206	72.715		
207	126.488		
208	95.115		
209	153.567		
210	93.564		
211	119.838		
212	119.355		
213	92.204		
214	132.675		
215	117.891		
216	160.091		
217	142.380		
218	71.570		
219	108.273		
220	175.497		
221	55.489		
222	92.786		
223	102.658		
224	153.095		
225	127.890		
226	160.651		
227	274.473		
228	247.698		
229	121.336		
230	115.757		
231	80.714		
232	103.604		
233	68.300		
234	133.881		
235	139.401		
236	56.893		
237	145.392		
238	165.956		
239	250.824		
240	198.288		
241	160.014		
242	165.397		
243	158.692		
244	149.852		
245	222.352		
246	163.810		
247	125.946		
248	108.101		
249	152.887		
250	175.087		
251	142.343		
252	157.860		
253	146.456		
254	103.468		
255	79.332		
256	58.745		
257	94.349		
258	128.805		
259	84.364		
260	18.530		
261	45.633		
262	109.598		
263	52.500		
264	81.117		
265	99.945		
266	88.214		
267	48.452		
268	117.269		
269	90.629		
270	72.614		
271	149.159		
272	117.077		
273	56.741		
274	110.244		
275	106.095		
276	93.115		
277	100.064		
278	106.323		
279	57.283		
280	107.305		
281	100.359		
282	180.425		
283	114.159		
284	73.825		
285	131.863		
286	194.923		
287	157.586		
288	119.863		
289	66.130		
290	84.416		
291	78.374		
292	116.604		
293	65.256		
294	85.378		
295	98.314		
296	55.309		
297	111.230		
298	128.181		
299	187.085		
300	118.791		
301	33.804		
302	113.029		
303	104.906		
304	107.105		
305	102.653		
306	103.029		
307	64.172		
308	40.973		
309	78.137		
310	138.899		
311	84.648		
312	7.602		
313	97.821		
314	81.776		
315	19.763		
316	36.019		
317	92.498		
318	92.688		
319	140.806		
320	58.114		
321	77.538		
322	77.703		
323	58.867		
324	100.116		
325	19.578		
326	47.136		
327	87.106		
328	66.236		
329	89.290		
330	86.942		
331	134.184		
332	130.203		
333	78.105		
334	45.241		
335	90.585		
336	75.423		
337	88.664		
338	134.375		
339	141.853		
340	131.985		
341	59.117		
342	73.765		
343	86.483		
344	70.393		
345	36.051		
346	93.274		
347	93.599		
348	186.090		
349	85.549		
350	102.882		
351	257.868		
352	122.629		
353	285.889		
354	137.705		
355	212.195		
356	97.473		
357	83.107		
358	143.203		
359	88.071		
360	111.469		
361	153.032		
362	116.688		
363	100.554		
364	69.683		
365	86.029		
366	69.760		
367	49.579		
368	37.887		
369	61.397		
370	50.282		
371	61.979		
372	113.420		
373	94.778		
374	102.376		
375	79.539		
376	248.972		
377	60.490		
378	93.641		
379	56.966		
380	75.635		
381	124.797		
382	74.992		
383	82.632		
384	96.077		
385	149.561		
386	57.350		
387	106.651		
388	102.106		
389	203.582		
390	66.896		
391	69.405		
392	85.678		
393	82.080		
394	107.573		
395	110.894		
396	103.413		
397	90.616		
398	173.210		
399	89.651		
400	113.109		
401	95.784		
402	163.259		
403	83.455		
404	61.083		
405	43.156		
406	53.113		
407	70.309		
408	60.597		
409	108.913		
410	98.698		
411	106.969		
412	95.420		
413	217.494		
414	65.292		
415	88.425		
416	13.764		
417	56.787		
418	95.761		
419	12.683		
420	49.987		
421	127.368		
422	100.645		
423	44.077		
424	94.239		
425	76.050		
426	99.397		
427	26.059		
428	53.319		
429	89.168		
430	54.473		
431	110.022		
432	84.035		
433	195.412		
434	95.624		
435	60.124		
436	111.372		
437	64.287		
438	77.196		
439	47.527		
440	18.910		
441	40.137		
442	9.378		
443	79.401		
444	47.159		
445	62.461		
446	60.885		
447	54.067		
448	17.957		
449	144.766		
450	54.159		
451	52.121		
452	42.405		
453	79.358		
454	47.043		
455	79.827		
456	73.285		
457	58.861		
458	24.748		
459	97.231		
460	148.278		
461	106.286		
462	56.373		
463	51.470		
464	47.741		
465	102.613		
466	92.655		
467	93.955		
468	91.579		
469	22.560		
470	96.767		
471	48.676		
472	54.885		
473	115.986		
474	80.060		
475	127.906		
476	138.966		
477	14.914		
478	127.814		
479	53.519		
480	139.662		
481	53.772		
482	95.668		
483	147.835		
484	22.726		
485	253.318		
486	113.158		
487	102.493		
488	50.168		
489	161.343		
490	133.266		
491	50.136		
492	71.465		
493	93.500		
494	171.486		
495	88.194		
496	13.043		
497	93.151		
498	110.388		
499	58.559		
500	110.750		
501	103.162		
502	79.574		
503	42.298		
504	44.794		
505	106.238		
506	62.391		
507	86.440		
508	99.377		
509	51.213		
510	99.043		
511	94.032		
512	89.668		
513	168.778		
514	128.395		
515	109.467		
516	51.620		
517	210.154		
518	95.240		
519	40.921		
520	64.421		
521	66.466		
522	39.626		
523	72.994		
524	9.207		
525	78.267		
526	34.969		
527	97.572		
528	59.217		
529	89.014		
530	55.906		
531	61.224		
532	76.234		
533	17.274		
534	51.881		
535	64.504		
536	27.255		
537	37.180		
538	46.670		
539	73.370		
540	106.788		
541	28.958		
542	86.846		
543	65.536		
544	112.802		
545	73.549		
546	113.646		
547	81.223		
548	82.963		
549	64.656		
550	68.457		
551	59.008		
552	82.074		
553	84.377		
554	121.959		
555	45.487		
556	57.209		
557	34.362		
558	71.077		
559	77.469		
560	78.510		
561	101.454		
562	3.591		
563	34.242		
564	40.424		
565	12.871		
566	22.257		
567	28.806		
568	23.291		
569	40.323		
570	43.516		
571	30.253		
572	10.883		
573	34.012		
574	40.340		
575	80.289		
576	38.391		
577	28.432		
578	50.014		
579	94.268		
580	20.986		
581	49.390		
582	80.323		
583	81.505		
584	57.273		
585	74.494		
586	80.808		
587	69.273		
588	113.677		
589	71.409		
590	100.908		
591	84.137		
592	74.338		
593	74.055		
594	56.561		
595	41.810		
596	73.887		
597	71.125		
598	85.759		
599	60.757		
600	75.141		
601	60.167		
602	82.491		
603	104.586		
604	66.399		
605	71.196		
606	50.177		
607	135.332		
608	65.115		
609	83.103		
610	72.371		
611	105.427		
612	41.188		
613	61.227		
614	12.405		
615	63.746		
616	53.107		
617	43.509		
618	78.315		
619	48.340		
620	94.783		
621	33.292		
622	62.006		
623	116.603		
624	72.439		
625	96.430		
626	157.177		
627	88.251		
628	47.659		
629	70.379		
630	73.173		
631	76.180		
632	48.617		
633	161.513		
634	122.341		
635	105.168		
636	104.275		
637	101.179		
638	85.795		
639	55.670		
640	47.138		
641	82.842		
642	94.348		
643	75.761		
644	73.929		
645	90.931		
646	65.760		
647	77.372		
648	35.357		
649	66.596		
650	75.460		
651	85.422		
652	80.875		
653	50.281		
654	144.681		
655	53.299		
656	47.590		
657	120.587		
658	241.408		
659	129.360		
660	84.741		
661	99.144		
662	100.461		
663	125.470		
664	126.113		
665	114.519		
666	78.353		
667	124.335		
668	184.592		
669	79.436		
670	113.504		
671	89.678		
672	120.827		
673	123.742		
674	172.996		
675	99.635		
676	80.171		
677	63.049		
678	62.632		
679	113.510		
680	146.138		
681	178.526		
682	99.935		
683	75.088		
684	70.889		
685	53.613		
686	68.529		
687	103.904		
688	81.829		
689	78.764		
690	63.169		
691	58.879		
692	158.576		
693	61.772		
694	181.062		
695	109.859		
696	71.849		
697	82.570		
698	123.792		
699	124.244		
700	199.327		
701	100.926		
702	87.455		
703	91.666		
704	100.105		
705	121.861		
706	96.780		
707	41.778		
708	52.546		
709	139.148		
710	52.194		
711	188.731		
712	8.131		
713	20.670		
714	26.539		
715	67.979		
716	62.076		
717	72.448		
718	47.157		
719	18.355		
720	18.467		
721	25.689		
722	49.893		
723	53.863		
724	12.815		
725	23.257		
726	39.351		
727	52.684		
728	56.253		
729	14.017		
730	18.595		
731	40.439		
732	126.009		
733	55.713		
734	44.928		
735	58.874		
736	23.342		
737	43.700		
738	65.892		
739	21.753		
740	29.703		
741	48.775		
742	47.657		
743	44.832		
744	43.313		
745	8.840		
746	84.429		
747	25.329		
748	13.064		
749	47.030		
750	34.475		
751	53.455		
752	8.798		
753	40.217		
754	32.433		
755	21.062		
756	45.147		
757	58.676		
758	112.043		
759	111.015		
760	96.236		
761	27.601		
762	51.433		
763	69.229		
764	80.718		
765	119.069		
766	25.161		
767	32.858		
768	120.141		
769	150.216		
770	121.526		
771	54.516		
772	146.911		
773	72.329		
774	57.130		
775	95.895		
776	32.607		
777	100.347		
778	108.975		
779	76.516		
780	63.574		
781	139.466		
782	66.327		
783	24.131		
784	117.547		
785	16.777		
786	132.232		
787	65.121		
788	115.818		
789	64.418		
790	88.446		
791	59.248		
792	84.430		
793	114.348		
794	77.312		
795	50.008		
796	59.782		
797	62.673		
798	156.936		
799	83.105		
800	93.532		
801	71.229		
802	75.060		
803	134.501		
804	174.748		
805	155.401		
806	59.726		
807	127.115		
808	96.054		
809	103.039		
810	49.073		
811	64.002		
812	103.570		
813	84.024		
814	138.345		
815	32.345		
816	53.826		
817	63.929		
818	105.003		
819	75.151		
820	65.837		
821	77.187		
822	145.583		
823	23.220		
824	53.123		
825	91.632		
826	107.392		
827	95.165		
828	63.219		
829	109.916		
830	19.137		
831	56.672		
832	42.962		
833	62.498		
834	64.109		
835	35.489		
836	19.824		
837	41.842		
838	88.808		
839	55.618		
840	106.844		
841	82.132		
842	78.778		
843	80.588		
844	40.933		
845	57.901		
846	37.044		
847	65.369		
848	48.154		
849	56.750		
850	13.638		
851	27.316		
852	29.931		
853	37.995		
854	42.624		
855	41.577		
856	92.624		
857	96.476		
858	98.697		
859	110.800		
860	61.110		
861	36.522		
862	44.247		
863	21.433		
864	19.218		
865	73.208		
866	11.232		
867	37.358		
868	13.880		
869	29.742		
870	54.440		
871	55.068		
872	22.120		
873	43.262		
874	53.715		
875	70.706		
876	68.179		
877	54.669		
878	64.287		
879	8.686		
880	32.128		
881	33.013		
882	52.468		
883	75.606		
884	47.213		
885	76.958		
886	75.661		
887	79.241		
888	47.532		
889	61.048		
890	11.303		
891	60.609		
892	14.301		
893	41.395		
894	120.690		
895	137.215		
896	122.028		
897	95.185		
898	73.601		
899	131.955		
900	112.616		
901	119.169		
902	50.700		
903	74.113		
904	85.943		
905	108.660		
906	117.993		
907	111.971		
908	97.063		
909	94.082		
910	80.914		
911	88.215		
912	46.671		
913	134.922		
914	87.003		
915	111.078		
916	81.578		
917	80.731		
918	73.634		
919	86.066		
920	29.448		
921	37.684		
922	216.895		
923	243.391		
924	103.723		
925	105.431		
926	168.596		
927	126.853		
928	147.563		
929	203.635		
930	213.534		
931	88.696		
932	136.012		
933	95.807		
934	71.049		
935	118.286		
936	67.707		
937	149.847		
938	82.624		
939	81.649		
940	116.524		
941	114.851		
942	160.441		
943	88.361		
944	85.795		
945	77.088		
946	127.355		
947	151.831		
948	87.070		
949	129.416		
950	89.526		
951	64.331		
952	106.959		
953	145.262		
954	67.208		
955	86.445		
956	118.457		
957	69.821		
958	84.033		
959	159.452		
960	167.702		
961	73.775		
962	114.839		
963	119.186		
964	34.730		
965	65.308		
966	60.869		
967	98.354		
968	243.206		
969	85.103		
970	165.991		
971	36.064		
972	71.147		
973	66.146		
974	114.629		
975	45.254		
976	66.122		
977	100.244		
978	128.894		
979	140.195		
980	101.215		
981	47.539		
982	71.815		
983	125.839		
984	69.333		
985	18.384		
986	28.863		
987	119.881		
988	111.328		
989	72.121		
990	117.994		
991	93.877		
992	85.785		
993	9.638		
994	12.283		
995	37.712		
996	160.033		
997	41.592		
998	14.866		
999	18.649		
1000	105.174		
1001	115.538		
1002	97.874		
1003	15.016		
1004	124.583		
1005	43.879		
1006	112.268		
1007	79.046		
1008	80.259		
1009	82.959		
1010	57.910		
1011	102.904		
1012	98.737		
1013	118.334		
1014	136.753		
1015	121.992		
1016	183.447		
1017	14.480		
1018	27.159		
1019	72.529		
1020	69.408		
1021	48.837		
1022	39.427		
1023	54.112		
1024	152.395		
1025	31.492		
1026	74.275		
1027	27.672		
1028	150.500		
1029	76.212		
1030	110.673		
1031	75.942		
1032	110.039		
1033	67.581		
1034	84.920		
1035	50.405		
1036	82.787		
1037	61.276		
1038	72.686		
1039	77.508		
1040	156.552		
1041	137.585		
1042	100.985		
1043	111.890		
1044	160.754		
1045	74.372		
1046	105.567		
1047	77.517		
1048	109.532		
1049	85.256		
1050	119.307		
1051	45.284		
1052	49.122		
1053	45.199		
1054	77.498		
1055	53.010		
1056	62.829		
1057	66.806		
1058	136.717		
1059	114.053		
1060	103.420		
1061	60.414		
1062	145.792		
1063	62.563		
1064	116.466		
1065	111.115		
1066	132.398		
1067	176.196		
1068	81.719		
1069	68.640		
1070	151.173		
1071	56.497		
1072	20.887		
1073	26.722		
1074	38.979		
1075	21.654		
1076	58.166		
1077	61.095		
1078	28.385		
1079	59.375		
1080	50.967		
1081	65.002		
1082	58.751		
1083	47.766		
1084	70.165		
1085	69.576		
1086	61.915		
1087	80.025		
1088	45.723		
1089	78.724		
1090	150.966		
1091	60.616		
1092	66.788		
1093	91.361		
1094	116.608		
1095	28.349		
1096	50.533		
1097	30.909		
1098	48.209		
1099	56.749		
1100	12.929		
1101	22.993		
1102	70.472		
1103	70.201		
1104	33.445		
1105	51.668		
1106	73.925		
1107	110.120		
1108	126.069		
1109	49.688		
1110	82.431		
1111	109.633		
1112	132.144		
1113	176.100		
1114	167.193		
1115	60.438		
1116	156.802		
1117	148.641		
1118	71.992		
1119	40.547		
1120	38.545		
1121	31.085		
1122	77.584		
1123	42.327		
1124	61.856		
1125	32.122		
1126	78.990		
1127	38.075		
1128	31.192		
1129	48.367		
1130	13.080		
1131	22.138		
1132	96.553		
1133	15.403		
1134	46.113		
1135	95.139		
1136	144.682		
1137	124.841		
1138	100.157		
1139	121.948		
1140	35.897		
1141	66.539		
1142	82.209		
1143	155.028		
1144	90.327		
1145	63.727		
1146	84.701		
1147	50.203		
1148	73.337		
1149	86.562		
1150	65.017		
1151	39.417		
1152	107.300		
1153	29.963		
1154	49.051		
1155	24.275		
1156	49.443		
1157	70.741		
1158	147.328		
1159	48.812		
1160	101.794		
1161	83.014		
1162	67.505		
1163	120.691		
1164	63.343		
1165	95.862		
1166	8.957		
1167	48.441		
1168	79.032		
1169	17.927		
1170	31.925		
1171	98.161		
1172	129.513		
1173	134.815		
1174	22.201		
1175	105.584		
1176	58.523		
1177	8.808		
1178	36.625		
1179	10.182		
1180	51.265		
1181	39.655		
1182	19.395		
1183	34.782		
1184	69.618		
1185	74.872		
1186	134.655		
1187	115.238		
1188	18.935		
1189	61.702		
1190	69.955		
1191	55.972		
1192	23.550		
1193	81.124		
1194	53.179		
1195	18.863		
1196	62.476		
1197	20.332		
1198	85.899		
1199	146.043		
1200	116.194		
1201	70.384		
1202	162.828		
1203	96.698		
1204	113.982		
1205	79.790		
1206	163.949		
1207	72.002		
1208	19.803		
1209	84.983		
1210	134.462		
1211	94.204		
1212	95.467		
1213	28.924		
1214	63.710		
1215	85.375		
1216	82.276		
1217	139.615		
1218	24.556		
1219	40.496		
1220	105.391		
1221	117.822		
1222	123.410		
1223	42.684		
1224	63.462		
1225	38.142		
1226	48.836		
1227	81.528		
1228	25.463		
1229	107.558		
1230	81.335		
1231	115.782		
1232	54.787		
1233	212.304		
1234	30.350		
1235	182.467		
1236	76.429		
1237	120.053		
1238	103.540		
1239	102.344		
1240	114.118		
1241	95.646		
1242	83.081		
1243	70.674		
1244	186.225		
1245	76.786		
1246	106.459		
1247	63.201		
1248	27.830		
1249	62.119		
1250	116.675		
1251	115.419		
1252	109.415		
1253	82.622		
1254	110.418		
1255	64.649		
1256	30.290		
1257	51.421		
1258	84.545		
1259	22.778		
1260	129.863		
1261	111.176		
1262	53.289		
1263	55.936		
1264	44.841		
1265	112.683		
1266	46.424		
1267	82.576		
1268	17.088		
1269	26.717		
1270	178.748		
1271	113.898		
1272	76.884		
1273	37.300		
1274	89.649		
1275	125.260		
1276	166.668		
1277	76.745		
1278	94.923		
1279	208.945		
1280	124.807		
1281	66.969		
1282	100.433		
1283	131.694		
1284	60.218		
1285	204.780		
1286	31.809		
1287	151.911		
1288	139.771		
1289	168.698		
1290	152.240		
1291	90.113		
1292	73.161		
1293	113.280		
1294	130.763		
1295	63.888		
1296	105.117		
1297	64.298		
1298	99.162		
1299	98.391		
1300	58.665		
1301	114.351		
1302	173.552		
1303	209.791		
1304	200.411		
1305	167.726		
1306	191.848		
1307	196.202		
1308	154.245		
1309	102.025		
1310	45.173		
1311	104.567		
1312	102.900		
1313	108.240		
1314	104.224		
1315	112.572		
1316	28.065		
1317	19.341		
1318	74.550		
1319	114.931		
1320	53.090		
1321	52.234		
1322	24.379		
1323	92.548		
1324	97.587		
1325	63.850		
1326	107.356		
1327	131.077		
1328	117.283		
1329	139.888		
1330	36.645		
1331	87.511		
1332	115.802		
1333	94.809		
1334	82.758		
1335	47.081		
1336	116.698		
1337	59.743		
1338	118.656		
1339	128.494		
1340	99.235		
1341	106.188		
1342	56.872		
1343	127.719		
1344	119.766		
1345	108.300		
1346	119.752		
1347	137.160		
1348	49.741		
1349	69.777		
1350	132.318		
1351	102.756		
1352	37.096		
1353	92.091		
1354	114.334		
1355	114.161		
1356	24.516		
1357	51.596		
1358	153.408		
1359	110.884		
1360	137.341		
1361	72.452		
1362	262.317		
1363	154.765		
1364	78.741		
1365	29.214		
1366	64.869		
1367	98.702		
1368	74.645		
1369	96.633		
1370	58.574		
1371	126.540		
1372	104.054		
1373	109.379		
1374	118.458		
1375	93.872		
1376	86.796		
1377	55.345		
1378	60.739		
1379	147.798		
1380	85.451		
1381	92.539		
1382	74.606		
1383	81.014		
1384	132.163		
1385	118.487		
1386	91.983		
1387	61.132		
1388	90.570		
1389	127.085		
1390	119.965		
1391	180.411		
1392	121.324		
1393	56.095		
1394	99.860		
1395	125.823		
1396	79.869		
1397	19.754		
1398	36.370		
1399	96.914		
1400	69.085		
1401	73.488		
1402	94.612		
1403	68.053		
1404	42.977		
1405	119.817		
1406	73.439		
1407	90.495		
1408	146.757		
1409	100.762		
1410	68.439		
1411	149.564		
1412	128.780		
1413	161.787		
1414	83.639		
1415	117.742		
1416	100.553		
1417	158.320		
1418	143.161		
1419	93.105		
1420	119.936		
1421	76.865		
1422	109.238		
1423	9.489		
1424	16.244		
1425	27.772		
1426	59.005		
1427	58.815		
1428	59.323		
1429	16.829		
1430	38.367		
1431	33.141		
1432	42.583		
1433	36.773		
1434	33.239		
1435	52.555		
1436	50.255		
1437	52.091		
1438	65.573		
1439	67.553		
1440	71.211		
1441	78.377		
1442	85.324		
1443	10.276		
1444	25.271		
1445	61.443		
1446	28.018		
1447	43.341		
1448	38.194		
1449	69.623		
1450	72.317		
1451	82.900		
1452	43.494		
1453	49.891		
1454	87.500		
1455	73.034		
1456	66.436		
1457	47.624		
1458	77.845		
1459	92.223		
1460	105.324		
1461	121.284		
1462	33.909		
1463	80.793		
1464	74.535		
1465	94.085		
1466	169.804		
1467	101.292		
1468	161.979		
1469	113.697		
1470	102.629		
1471	65.563		
1472	102.661		
1473	129.494		
1474	44.974		
1475	36.670		
1476	52.841		
1477	54.573		
1478	39.526		
1479	57.939		
1480	91.217		
1481	93.233		
1482	99.387		
1483	88.906		
1484	59.909		
1485	114.684		
1486	30.835		
1487	59.298		
1488	104.223		
1489	103.469		
1490	112.173		
1491	120.600		
1492	65.101		
1493	156.165		
1494	90.213		
1495	171.573		
1496	150.242		
1497	102.304		
1498	217.793		
1499	121.810		
1500	81.194		
1501	109.384		
1502	120.324		
1503	113.331		
1504	183.469		
1505	16.617		
1506	29.649		
1507	19.993		
1508	59.173		
1509	123.893		
1510	91.180		
1511	117.016		
1512	132.790		
1513	111.625		
1514	80.891		
1515	52.628		
1516	90.022		
1517	82.011		
1518	182.069		
1519	33.871		
1520	90.337		
1521	91.900		
1522	93.410		
1523	47.202		
1524	78.122		
1525	56.591		
1526	90.416		
1527	25.735		
1528	42.641		
1529	37.948		
1530	79.586		
1531	64.321		
1532	97.889		
1533	85.629		
1534	78.689		
1535	52.703		
1536	105.760		
1537	163.602		
1538	94.178		
1539	128.944		
1540	181.114		
1541	107.557		
1542	65.321		
1543	106.703		
1544	132.898		
1545	132.513		
1546	105.852		
1547	74.491		
1548	120.810		
1549	179.904		
1550	134.149		
1551	75.298		
1552	66.045		
1553	98.194		
1554	71.594		
1555	62.800		
1556	124.648		
1557	84.140		
1558	97.812		
1559	173.030		
1560	142.124		
1561	56.354		
1562	134.367		
1563	86.493		
1564	91.283		
1565	55.777		
1566	85.233		
1567	71.453		
1568	134.057		
1569	74.474		
1570	31.205		
1571	27.749		
1572	49.035		
1573	47.689		
1574	102.569		
1575	56.205		
1576	102.132		
1577	99.294		
1578	113.249		
1579	174.065		
1580	52.161		
1581	114.270		
1582	23.963		
1583	54.872		
1584	48.353		
1585	69.300		
1586	62.465		
1587	70.902		
1588	69.345		
1589	70.827		
1590	89.442		
1591	50.305		
1592	27.459		
1593	67.407		
1594	78.718		
1595	61.251		
1596	73.276		
1597	60.339		
1598	19.590		
1599	112.592		
1600	14.499		
1601	118.385		
1602	70.468		
1603	85.953		
1604	72.868		
1605	119.663		
1606	79.124		
1607	84.328		
1608	86.738		
1609	90.676		
1610	49.191		
1611	59.612		
1612	109.826		
1613	40.406		
1614	114.134		
1615	25.288		
1616	167.883		
1617	118.069		
1618	108.032		
1619	93.099		
1620	59.546		
1621	152.787		
1622	95.543		
1623	80.119		
1624	43.327		
1625	89.205		
1626	64.889		
1627	119.276		
1628	85.680		
1629	108.536		
1630	70.583		
1631	100.213		
1632	64.776		
1633	63.588		
1634	24.818		
1635	40.744		
1636	89.646		
1637	92.399		
1638	59.471		
1639	34.302		
1640	62.260		
1641	39.401		
1642	38.615		
1643	93.824		
1644	99.346		
1645	71.873		
1646	51.802		
1647	81.775		
1648	52.184		
1649	51.214		
1650	78.430		
1651	57.531		
1652	53.735		
1653	162.421		
1654	89.809		
1655	68.997		
1656	94.554		
1657	109.766		
1658	91.214		
1659	38.806		
1660	11.550		
1661	45.752		
1662	34.892		
1663	40.234		
1664	59.576		
1665	16.741		
1666	21.058		
1667	103.144		
1668	57.629		
1669	68.714		
1670	90.553		
1671	90.945		
1672	5.790		
1673	72.716		
1674	89.473		
1675	14.434		
1676	36.014		
1677	91.458		
1678	110.978		
1679	29.248		
1680	39.553		
1681	14.340		
1682	54.650		
1683	69.810		
1684	24.014		
1685	43.552		
1686	107.274		
1687	11.134		
1688	66.874		
1689	64.977		
1690	16.950		
1691	54.410		
1692	73.499		
1693	111.477		
1694	121.562		
1695	96.535		
1696	90.675		
1697	102.273		
1698	38.512		
1699	91.449		
1700	171.599		
1701	110.308		
1702	20.486		
1703	64.597		
1704	80.690		
1705	70.024		
1706	45.766		
1707	7.417		
1708	18.536		
1709	42.967		
1710	30.403		
1711	39.316		
1712	18.683		
1713	58.454		
1714	72.208		
1715	45.864		
1716	84.807		
1717	159.063		
1718	23.333		
1719	78.270		
1720	84.827		
1721	107.617		
1722	39.450		
1723	51.657		
1724	108.993		
1725	63.088		
1726	61.242		
1727	103.122		
1728	107.120		
1729	82.010		
1730	105.491		
1731	157.314		
1732	57.441		
1733	84.951		
1734	38.184		
1735	77.601		
1736	110.470		
1737	74.498		
1738	117.584		
1739	122.942		
1740	157.014		
1741	54.513		
1742	25.393		
1743	57.484		
1744	27.509		
1745	44.874		
1746	100.871		
1747	71.186		
1748	81.265		
1749	196.053		
1750	104.490		
1751	96.450		
1752	15.726		
1753	44.209		
1754	82.547		
1755	43.778		
1756	85.333		
1757	50.902		
1758	153.483		
1759	143.016		
1760	131.304		
1761	90.857		
1762	121.091		
1763	147.103		
1764	156.365		
1765	19.139		
1766	79.889		
1767	49.085		
1768	121.234		
1769	78.810		
1770	104.734		
1771	83.544		
1772	49.879		
1773	112.540		
1774	66.972		
1775	130.467		
1776	116.279		
1777	123.323		
1778	50.888		
1779	79.787		
1780	149.679		
1781	80.197		
1782	105.526		
1783	85.939		
1784	193.879		
1785	52.457		
1786	83.534		
1787	44.029		
1788	81.666		
1789	57.834		
1790	71.928		
1791	14.179		
1792	39.126		
1793	70.773		
1794	43.763		
1795	74.878		
1796	89.628		
1797	123.763		
1798	98.005		
1799	46.804		
1800	81.243		
1801	78.786		
1802	39.700		
1803	73.499		
1804	46.436		
1805	72.906		
1806	87.369		
1807	79.990		
1808	75.387		
1809	19.978		
1810	38.394		
1811	89.958		
1812	70.582		
1813	91.874		
1814	89.382		
1815	45.386		
1816	49.964		
1817	34.319		
1818	20.725		
1819	63.986		
1820	29.689		
1821	98.794		
1822	45.090		
1823	73.019		
1824	44.029		
1825	101.365		
1826	61.473		
1827	53.318		
1828	55.349		
1829	50.870		
1830	66.287		
1831	8.258		
1832	27.421		
1833	33.023		
1834	29.044		
1835	61.769		
1836	61.105		
1837	85.979		
1838	114.741		
1839	183.246		
1840	126.559		
1841	77.757		
1842	91.568		
1843	61.451		
1844	29.866		
1845	119.502		
1846	56.433		
1847	94.259		
1848	97.438		
1849	122.484		
1850	89.699		
1851	131.745		
1852	70.078		
1853	115.475		
1854	71.849		
1855	116.213		
1856	118.911		
1857	56.308		
1858	31.470		
1859	73.392		
1860	143.962		
1861	247.165		
1862	159.510		
1863	22.239		
1864	98.516		
1865	250.748		
1866	83.662		
1867	108.496		
1868	144.461		
1869	52.447		
1870	127.328		
1871	107.290		
1872	179.851		
1873	88.487		
1874	75.720		
1875	70.143		
1876	113.589		
1877	100.708		
1878	133.094		
1879	103.568		
1880	88.388		
1881	53.771		
1882	105.615		
1883	41.455		
1884	66.769		
1885	110.943		
1886	84.359		
1887	58.024		
1888	114.679		
1889	117.843		
1890	121.392		
1891	23.691		
1892	42.625		
1893	89.280		
1894	63.060		
1895	100.452		
1896	52.647		
1897	106.364		
1898	108.855		
1899	100.884		
1900	75.020		
1901	125.746		
1902	118.812		
1903	120.543		
1904	69.803		
1905	15.875		
1906	25.185		
1907	116.162		
1908	95.526		
1909	64.971		
1910	80.060		
1911	67.490		
1912	124.624		
1913	34.968		
1914	62.329		
1915	111.979		
1916	36.163		
1917	39.695		
1918	49.314		
1919	52.723		
1920	12.905		
1921	86.040		
1922	97.206		
1923	48.789		
1924	20.595		
1925	107.231		
1926	114.704		
1927	84.026		
1928	96.124		
1929	16.996		
1930	22.258		
1931	125.315		
1932	103.282		
1933	75.845		
1934	26.935		
1935	134.233		
1936	77.112		
1937	76.206		
1938	73.103		
1939	81.965		
1940	76.737		
1941	39.193		
1942	96.397		
1943	87.676		
1944	113.469		
1945	93.798		
1946	120.873		
1947	91.563		
1948	43.993		
1949	63.335		
1950	129.886		
1951	112.072		
1952	90.408		
1953	35.335		
1954	51.849		
1955	61.163		
1956	70.294		
1957	29.694		
1958	78.152		
1959	83.519		
1960	102.335		
1961	70.155		
1962	106.233		
1963	90.776		
1964	57.855		
1965	65.862		
1966	22.576		
1967	54.443		
1968	10.366		
1969	52.359		
1970	119.652		
1971	98.167		
1972	109.635		
1973	170.873		
1974	73.319		
1975	94.528		
1976	111.033		
1977	142.104		
1978	61.809		
1979	60.502		
1980	73.007		
1981	130.013		
1982	59.900		
1983	74.978		
1984	38.238		
1985	134.450		
1986	133.041		
1987	90.883		
1988	39.044		
1989	53.402		
1990	107.010		
1991	43.241		
1992	102.704		
1993	64.990		
1994	100.856		
1995	112.074		
1996	104.764		
1997	108.897		
1998	71.998		
1999	86.124		
2000	66.117		
2001	110.045		
2002	34.360		
2003	101.360		
2004	25.643		
2005	99.067		
2006	83.938		
2007	101.057		
2008	139.988		
2009	175.958		
2010	83.732		
2011	112.006		
2012	9.265		
2013	14.294		
2014	43.872		
2015	96.382		
2016	43.624		
2017	16.329		
2018	29.204		
2019	88.455		
2020	95.464		
2021	81.759		
2022	159.381		
2023	15.612		
2024	135.882		
2025	14.983		
2026	22.145		
2027	127.985		
2028	92.006		
2029	77.160		
2030	24.954		
2031	161.173		
2032	13.388		
2033	140.626		
2034	21.257		
2035	125.715		
2036	33.517		
2037	65.890		
2038	76.105		
2039	57.487		
2040	79.757		
2041	40.891		
2042	62.303		
2043	67.186		
2044	121.338		
2045	33.768		
2046	69.261		
2047	157.969		
2048	102.990		
2049	71.293		
2050	62.777		
2051	48.461		
2052	66.906		
2053	65.644		
2054	60.311		
2055	113.796		
2056	95.260		
2057	79.403		
2058	92.390		
2059	186.885		
2060	95.902		
2061	91.269		
2062	9.458		
2063	83.585		
2064	101.354		
2065	14.292		
2066	53.189		
2067	87.024		
2068	121.209		
2069	43.041		
2070	83.742		
2071	84.606		
2072	107.803		
2073	23.569		
2074	54.246		
2075	74.122		
2076	58.545		
2077	105.168		
2078	93.109		
2079	131.926		
2080	82.754		
2081	54.626		
2082	85.293		
2083	75.205		
2084	90.545		
2085	54.958		
2086	19.763		
2087	39.685		
2088	10.984		
2089	72.825		
2090	62.554		
2091	78.143		
2092	50.673		
2093	53.080		
2094	14.448		
2095	151.615		
2096	50.346		
2097	60.535		
2098	54.730		
2099	73.189		
2100	90.336		
2101	78.269		
2102	60.377		
2103	61.436		
2104	24.000		
2105	105.215		
2106	96.814		
2107	131.944		
2108	55.270		
2109	63.982		
2110	53.417		
2111	96.034		
2112	78.057		
2113	102.822		
2114	56.363		
2115	41.820		
2116	145.678		
2117	46.102		
2118	60.461		
2119	127.706		
2120	123.026		
2121	109.656		
2122	146.899		
2123	35.822		
2124	99.185		
2125	48.457		
2126	98.183		
2127	61.073		
2128	113.135		
2129	126.498		
2130	32.586		
2131	185.491		
2132	103.139		
2133	99.274		
2134	54.807		
2135	152.054		
2136	131.609		
2137	92.138		
2138	76.783		
2139	87.029		
2140	111.281		
2141	101.906		
2142	93.438		
2143	242.432		
2144	98.084		
2145	200.782		
2146	124.662		
2147	148.371		
2148	103.093		
2149	88.788		
2150	167.879		
2151	152.052		
2152	130.684		
2153	90.601		
2154	90.556		
2155	234.813		
2156	108.454		
2157	81.729		
2158	50.919		
2159	84.696		
2160	69.688		
2161	143.918		
2162	123.286		
2163	50.371		
2164	79.803		
2165	86.297		
2166	91.042		
2167	166.403		
2168	125.432		
2169	92.474		
2170	85.163		
2171	92.187		
2172	70.176		
2173	86.912		
2174	80.912		
2175	103.949		
2176	89.035		
2177	128.992		
2178	75.635		
2179	180.926		
2180	113.566		
2181	69.839		
2182	58.340		
2183	65.575		
2184	63.934		
2185	91.457		
2186	91.633		
2187	142.739		
2188	113.267		
2189	49.834		
2190	75.508		
2191	82.524		
2192	73.289		
2193	80.360		
2194	85.098		
2195	26.158		
2196	34.147		
2197	16.321		
2198	16.179		
2199	75.769		
2200	83.743		
2201	37.395		
2202	19.086		
2203	112.491		
2204	77.625		
2205	46.302		
2206	57.926		
2207	75.828		
2208	91.954		
2209	179.243		
2210	159.057		
2211	134.445		
2212	97.022		
2213	152.088		
2214	98.429		
2215	89.631		
2216	84.545		
2217	109.576		
2218	122.846		
2219	98.554		
2220	41.997		
2221	48.574		
2222	102.319		
2223	51.412		
2224	126.391		
2225	79.945		
2226	112.154		
2227	71.469		
2228	176.323		
2229	93.739		
2230	101.150		
2231	99.443		
2232	146.751		
2233	95.371		
2234	143.149		
2235	106.295		
2236	47.032		
2237	74.283		
2238	61.021		
2239	97.903		
2240	110.240		
2241	28.271		
2242	39.490		
2243	53.684		
2244	87.850		
2245	44.196		
2246	79.703		
2247	45.156		
2248	52.502		
2249	46.801		
2250	12.995		
2251	90.504		
2252	60.140		
2253	41.063		
2254	39.039		
2255	90.009		
2256	51.345		
2257	70.609		
2258	59.448		
2259	26.183		
2260	51.437		
2261	55.152		
2262	89.865		
2263	79.265		
2264	51.440		
2265	139.892		
2266	71.078		
2267	61.454		
2268	92.110		
2269	126.556		
2270	29.696		
2271	44.471		
2272	70.854		
2273	90.243		
2274	27.156		
2275	57.047		
2276	158.846		
2277	78.241		
2278	105.582		
2279	28.923		
2280	55.570		
2281	109.133		
2282	56.406		
2283	128.251		
2284	72.083		
2285	161.091		
2286	53.912		
2287	98.451		
2288	62.685		
2289	44.518		
2290	83.016		
2291	97.940		
2292	68.089		
2293	100.847		
2294	40.060		
2295	91.666		
2296	64.523		
2297	43.268		
2298	81.479		
2299	107.776		
2300	78.176		
2301	113.952		
2302	110.800		
2303	134.328		
2304	51.828		
2305	162.782		
2306	136.048		
2307	147.783		
2308	56.256		
2309	87.412		
2310	139.543		
2311	132.771		
2312	57.934		
2313	122.448		
2314	48.740		
2315	131.637		
2316	71.364		
2317	155.073		
2318	113.284		
2319	147.139		
2320	116.625		
2321	173.803		
2322	64.728		
2323	30.705		
2324	59.821		
2325	104.506		
2326	139.444		
2327	67.126		
2328	117.196		
2329	149.851		
2330	49.516		
2331	97.525		
2332	13.365		
2333	48.047		
2334	113.446		
2335	54.924		
2336	96.790		
2337	92.116		
2338	62.086		
2339	60.302		
2340	86.231		
2341	26.583		
2342	50.638		
2343	48.457		
2344	14.067		
2345	24.908		
2346	63.074		
2347	133.532		
2348	168.783		
2349	37.248		
2350	45.881		
2351	81.437		
2352	58.725		
2353	68.347		
2354	33.089		
2355	53.451		
2356	60.879		
2357	36.562		
2358	66.700		
2359	139.187		
2360	42.299		
2361	24.508		
2362	28.851		
2363	51.623		
2364	75.246		
2365	68.160		
2366	70.748		
2367	40.360		
2368	65.450		
2369	45.399		
2370	17.021		
2371	94.888		
2372	83.668		
2373	57.893		
2374	44.531		
2375	75.575		
2376	58.819		
2377	60.124		
2378	64.325		
2379	30.550		
2380	49.090		
2381	59.235		
2382	77.902		
2383	79.581		
2384	50.845		
2385	106.082		
2386	70.360		
2387	55.191		
2388	134.095		
2389	96.445		
2390	29.248		
2391	31.785		
2392	68.059		
2393	71.512		
2394	29.020		
2395	55.800		
2396	137.170		
2397	65.927		
2398	58.656		
2399	24.511		
2400	45.217		
2401	69.083		
2402	43.455		
2403	112.193		
2404	69.418		
2405	9.728		
2406	54.813		
2407	33.971		
2408	57.731		
2409	11.176		
2410	71.692		
2411	41.964		
2412	10.516		
2413	90.150		
2414	77.855		
2415	28.276		
2416	45.984		
2417	6.836		
2418	52.379		
2419	40.574		
2420	7.250		
2421	48.615		
2422	118.265		
2423	63.035		
2424	70.861		
2425	81.313		
2426	68.711		
2427	50.989		
2428	103.405		
2429	172.108		
2430	107.915		
2431	28.699		
2432	45.217		
2433	78.250		
2434	46.498		
2435	9.108		
2436	29.015		
2437	13.723		
2438	40.804		
2439	27.621		
2440	115.222		
2441	69.275		
2442	53.652		
2443	22.710		
2444	45.692		
2445	26.897		
2446	21.770		
2447	38.717		
2448	79.822		
2449	58.302		
2450	14.116		
2451	52.364		
2452	105.733		
2453	49.575		
2454	21.582		
2455	73.166		
2456	82.549		
2457	86.868		
2458	82.476		
2459	19.553		
2460	49.555		
2461	29.719		
2462	43.496		
2463	93.255		
2464	123.320		
2465	141.300		
2466	25.386		
2467	50.292		
2468	95.585		
2469	88.832		
2470	116.053		
2471	36.583		
2472	28.818		
2473	18.388		
2474	26.448		
2475	35.623		
2476	45.204		
2477	41.095		
2478	88.289		
2479	83.305		
2480	32.579		
2481	36.888		
2482	48.752		
2483	7.689		
2484	15.305		
2485	33.250		
2486	18.914		
2487	37.103		
2488	50.409		
2489	116.975		
2490	170.039		
2491	110.257		
2492	75.529		
2493	79.825		
2494	45.325		
2495	69.501		
2496	109.729		
2497	106.601		
2498	149.838		
2499	118.519		
2500	86.688		
2501	132.610		
2502	40.427		
2503	96.715		
2504	45.772		
2505	67.339		
2506	101.344		
2507	64.806		
2508	20.652		
2509	44.225		
2510	97.749		
2511	149.488		
2512	173.518		
2513	27.651		
2514	102.543		
2515	251.454		
2516	99.606		
2517	62.911		
2518	123.550		
2519	58.256		
2520	148.063		
2521	139.101		
2522	86.292		
2523	101.098		
2524	74.413		
2525	88.749		
2526	102.293		
2527	137.571		
2528	108.582		
2529	10.136		
2530	32.585		
2531	12.898		
2532	15.599		
2533	12.940		
2534	35.931		
2535	85.634		
2536	41.445		
2537	20.323		
2538	38.962		
2539	8.022		
2540	21.452		
2541	8.531		
2542	55.398		
2543	54.057		
2544	36.254		
2545	11.067		
2546	152.271		
2547	70.493		
2548	80.687		
2549	52.376		
2550	19.737		
2551	47.449		
2552	11.855		
2553	61.992		
2554	90.402		
2555	51.010		
2556	15.593		
2557	51.429		
2558	8.240		
2559	57.083		
2560	95.162		
2561	60.876		
2562	53.954		
2563	66.851		
2564	31.146		
2565	64.263		
2566	14.114		
2567	113.326		
2568	29.140		
2569	22.944		
2570	28.227		
2571	60.444		
2572	63.746		
2573	57.071		
2574	60.163		
2575	44.323		
2576	77.098		
2577	26.712		
2578	16.771		
2579	23.998		
2580	103.048		
2581	31.552		
2582	76.347		
2583	35.106		
2584	16.376		
2585	18.766		
2586	62.674		
2587	95.168		
2588	59.796		
2589	73.631		
2590	42.249		
2591	13.076		
2592	16.110		
2593	59.422		
2594	16.819		
2595	18.811		
2596	114.432		
2597	123.857		
2598	94.757		
2599	57.621		
2600	58.458		
2601	74.646		
2602	57.684		
2603	64.792		
2604	20.293		
2605	46.136		
2606	68.871		
2607	50.522		
2608	30.649		
2609	46.563		
2610	18.350		
2611	87.226		
2612	72.408		
2613	119.261		
2614	112.122		
2615	87.450		
2616	59.483		
2617	55.270		
2618	85.858		
2619	98.976		
2620	104.533		
2621	45.093		
2622	40.859		
2623	88.239		
2624	171.564		
2625	90.191		
2626	74.348		
2627	43.167		
2628	76.440		
2629	60.452		
2630	60.329		
2631	42.706		
2632	7.991		
2633	22.232		
2634	43.081		
2635	82.532		
2636	50.215		
2637	62.042		
2638	57.795		
2639	64.268		
2640	61.044		
2641	65.987		
2642	105.291		
2643	70.424		
2644	66.466		
2645	85.586		
2646	51.043		
2647	51.747		
2648	89.288		
2649	36.493		
2650	54.581		
2651	43.239		
2652	41.627		
2653	92.090		
2654	113.716		
2655	75.829		
2656	99.947		
2657	53.508		
2658	49.264		
2659	18.793		
2660	37.942		
2661	103.002		
2662	12.263		
2663	89.135		
2664	55.599		
2665	49.320		
2666	134.003		
2667	35.288		
2668	93.988		
2669	15.656		
2670	74.254		
2671	86.970		
2672	67.494		
2673	35.536		
2674	125.999		
2675	69.807		
2676	68.868		
2677	87.484		
2678	65.850		
2679	102.296		
2680	154.468		
2681	31.420		
2682	27.729		
2683	12.771		
2684	57.211		
2685	40.122		
2686	68.266		
2687	22.384		
2688	13.066		
2689	14.649		
2690	75.738		
2691	9.500		
2692	142.763		
2693	91.312		
2694	151.908		
2695	119.035		
2696	47.628		
2697	13.528		
2698	67.707		
2699	54.314		
2700	69.390		
2701	77.486		
2702	6.532		
2703	87.035		
2704	41.854		
2705	38.190		
2706	26.538		
2707	56.019		
2708	80.094		
2709	59.685		
2710	70.060		
2711	36.738		
2712	19.093		
2713	141.234		
2714	78.159		
2715	28.993		
2716	166.703		
2717	132.058		
2718	72.867		
2719	78.590		
2720	91.047		
2721	130.466		
2722	93.051		
2723	179.958		
2724	73.184		
2725	106.429		
2726	160.873		
2727	108.703		
2728	188.392		
2729	58.120		
2730	84.580		
2731	140.344		
2732	98.108		
2733	105.800		
2734	151.277		
2735	58.869		
2736	29.117		
2737	61.944		
2738	75.833		
2739	71.175		
2740	140.459		
2741	117.967		
2742	44.800		
2743	85.202		
2744	57.963		
2745	20.610		
2746	105.393		
2747	75.442		
2748	82.266		
2749	38.216		
2750	60.594		
2751	46.704		
2752	90.233		
2753	35.483		
2754	63.816		
2755	66.528		
2756	15.955		
2757	40.226		
2758	77.890		
2759	99.536		
2760	12.638		
2761	88.714		
2762	36.758		
2763	29.147		
2764	92.288		
2765	8.308		
2766	48.861		
2767	67.581		
2768	67.761		
2769	118.710		
2770	29.326		
2771	62.429		
2772	59.216		
2773	72.808		
2774	63.637		
2775	107.817		
2776	79.306		
2777	101.509		
2778	67.796		
2779	84.252		
2780	100.998		
2781	54.489		
2782	130.425		
2783	115.568		
2784	197.215		
2785	57.020		
2786	106.356		
2787	111.516		
2788	94.669		
2789	64.183		
2790	116.995		
2791	111.788		
2792	134.681		
2793	88.298		
2794	34.538		
2795	98.142		
2796	52.957		
2797	87.384		
2798	129.402		
2799	14.490		
2800	29.676		
2801	95.596		
2802	35.389		
2803	102.784		
2804	77.735		
2805	32.726		
2806	19.485		
2807	22.959		
2808	83.954		
2809	47.687		
2810	75.879		
2811	57.985		
2812	103.876		
2813	51.537		
2814	65.455		
2815	119.963		
2816	74.203		
2817	38.100		
2818	88.659		
2819	43.781		
2820	19.331		
2821	94.497		
2822	107.126		
2823	53.965		
2824	49.997		
2825	47.246		
2826	35.687		
2827	57.136		
2828	54.988		
2829	47.609		
2830	51.807		
2831	47.595		
2832	28.255		
2833	69.205		
2834	82.919		
2835	119.075		
2836	96.570		
2837	34.948		
2838	98.542		
2839	94.930		
2840	92.521		
2841	126.064		
2842	93.552		
2843	125.233		
2844	93.653		
2845	115.480		
2846	126.825		
2847	101.284		
2848	40.430		
2849	38.904		
2850	38.869		
2851	90.509		
2852	110.282		
2853	92.037		
2854	55.442		
2855	114.858		
2856	150.751		
2857	78.358		
2858	71.513		
2859	135.708		
2860	50.221		
2861	130.574		
2862	129.023		
2863	63.611		
2864	83.692		
2865	71.517		
2866	119.718		
2867	64.679		
2868	25.711		
2869	70.065		
2870	143.958		
2871	90.405		
2872	32.224		
2873	55.399		
2874	56.017		
2875	31.820		
2876	66.282		
2877	17.889		
2878	43.490		
2879	58.396		
2880	90.593		
2881	75.998		
2882	85.035		
2883	184.102		
2884	78.689		
2885	12.136		
2886	26.329		
2887	40.715		
2888	70.130		
2889	51.825		
2890	27.156		
2891	67.872		
2892	38.287		
2893	50.932		
2894	4.359		
2895	33.697		
2896	78.066		
2897	19.811		
2898	63.768		
2899	102.282		
2900	20.160		
2901	74.135		
2902	90.382		
2903	63.160		
2904	74.132		
2905	163.388		
2906	50.075		
2907	52.900		
2908	89.052		
2909	61.918		
2910	57.820		
2911	83.794		
2912	88.499		
2913	100.244		
2914	36.015		
2915	65.033		
2916	64.295		
2917	21.488		
2918	9.024		
2919	21.218		
2920	58.805		
2921	40.513		
2922	54.054		
2923	51.681		
2924	17.736		
2925	31.436		
2926	49.022		
2927	84.519		
2928	29.991		
2929	64.950		
2930	11.216		
2931	50.144		
2932	25.330		
2933	66.983		
2934	21.623		
2935	54.587		
2936	74.179		
2937	73.074		
2938	28.202		
2939	48.184		
2940	6.633		
2941	40.374		
2942	11.266		
2943	31.908		
2944	33.724		
2945	59.357		
2946	61.470		
2947	88.306		
2948	31.924		
2949	64.521		
2950	24.522		
2951	35.486		
2952	54.524		
2953	62.165		
2954	77.373		
2955	48.369		
2956	50.444		
2957	32.085		
2958	106.474		
2959	59.697		
2960	69.264		
2961	69.131		
2962	82.763		
2963	87.961		
2964	60.085		
2965	71.704		
2966	97.968		
2967	78.901		
2968	101.721		
2969	43.926		
2970	53.626		
2971	10.901		
2972	44.932		
2973	36.376		
2974	51.223		
2975	29.916		
2976	41.313		
2977	103.026		
2978	20.069		
2979	49.511		
2980	117.586		
2981	35.003		
2982	107.450		
2983	111.208		
2984	47.804		
2985	18.885		
2986	24.245		
2987	23.958		
2988	66.699		
2989	70.356		
2990	100.999		
2991	41.589		
2992	32.249		
2993	51.358		
2994	12.943		
2995	39.268		
2996	50.746		
2997	24.747		
2998	41.387		
2999	27.506		
3000	52.940		
3001	94.178		
3002	25.311		
3003	63.144		
3004	16.380		
3005	52.851		
3006	26.401		
3007	18.859		
3008	34.885		
3009	9.515		
3010	19.744		
3011	51.725		
3012	11.666		
3013	38.072		
3014	75.416		
3015	65.358		
3016	67.232		
3017	43.304		
3018	74.569		
3019	47.425		
3020	66.930		
3021	22.845		
3022	59.384		
3023	56.277		
3024	72.664		
3025	84.582		
3026	132.637		
3027	71.681		
3028	127.746		
3029	120.210		
3030	46.291		
3031	89.169		
3032	139.639		
3033	114.943		
3034	21.172		
3035	39.040		
3036	103.213		
3037	33.347		
3038	72.086		
3039	16.878		
3040	72.507		
3041	71.307		
3042	42.971		
3043	49.260		
3044	164.943		
3045	55.336		
3046	101.211		
3047	86.820		
3048	68.336		
3049	113.416		
3050	47.932		
3051	40.242		
3052	48.526		
3053	27.080		
3054	65.688		
3055	39.804		
3056	75.966		
3057	18.814		
3058	19.348		
3059	35.971		
3060	64.312		
3061	71.327		
3062	24.648		
3063	72.696		
3064	155.766		
3065	59.439		
3066	93.212		
3067	79.931		
3068	33.351		
3069	92.911		
3070	79.477		
3071	69.731		
3072	9.509		
3073	17.347		
3074	21.322		
3075	35.918		
3076	60.936		
3077	80.790		
3078	68.625		
3079	65.307		
3080	108.468		
3081	51.541		
3082	45.805		
3083	93.168		
3084	39.220		
3085	68.533		
3086	137.963		
3087	25.019		
3088	48.173		
3089	66.307		
3090	122.970		
3091	50.748		
3092	59.043		
3093	112.914		
3094	46.986		
3095	52.851		
3096	122.656		
3097	71.771		
3098	54.911		
3099	83.464		
3100	52.265		
3101	82.059		
3102	49.168		
3103	102.738		
3104	24.848		
3105	55.275		
3106	63.329		
3107	65.595		
3108	58.199		
3109	84.237		
3110	23.576		
3111	57.888		
3112	23.317		
3113	29.027		
3114	26.965		
3115	60.707		
3116	69.657		
3117	48.859		
3118	79.629		
3119	72.609		
3120	107.533		
3121	43.649		
3122	100.923		
3123	129.187		
3124	159.060		
3125	68.700		
3126	104.523		
3127	29.193		
3128	50.591		
3129	50.520		
3130	48.099		
3131	88.394		
3132	24.395		
3133	57.282		
3134	49.573		
3135	61.648		
3136	28.840		
3137	51.779		
3138	63.930		
3139	90.445		
3140	87.728		
3141	43.595		
3142	52.801		
3143	60.128		
3144	82.120		
3145	82.118		
3146	40.411		
3147	75.870		
3148	41.072		
3149	35.685		
3150	58.799		
3151	42.741		
3152	44.430		
3153	60.308		
3154	56.165		
3155	75.293		
3156	92.111		
3157	66.351		
3158	118.014		
3159	78.507		
3160	101.030		
3161	100.426		
3162	216.968		
3163	112.851		
3164	91.605		
3165	102.152		
3166	78.283		
3167	151.760		
3168	106.672		
3169	36.956		
3170	56.106		
3171	71.446		
3172	46.387		
3173	75.133		
3174	50.497		
3175	55.930		
3176	82.444		
3177	87.225		
3178	83.652		
3179	56.879		
3180	96.775		
3181	34.260		
3182	20.011		
3183	5.625		
3184	25.369		
3185	20.535		
3186	35.306		
3187	23.809		
3188	2.678		
3189	33.308		
3190	32.174		
3191	8.435		
3192	42.150		
3193	38.475		
3194	46.883		
3195	31.749		
3196	41.534		
3197	58.571		
3198	13.467		
3199	27.717		
3200	42.316		
3201	57.531		
3202	63.566		
3203	15.093		
3204	72.414		
3205	86.922		
3206	40.286		
3207	32.238		
3208	83.854		
3209	47.993		
3210	26.033		
3211	60.413		
3212	29.852		
3213	21.405		
3214	29.226		
3215	18.412		
3216	54.390		
3217	96.716		
3218	41.039		
3219	69.684		
3220	2.249		
3221	22.240		
3222	35.738		
3223	18.773		
3224	97.999		
3225	126.260		
3226	86.633		
3227	70.098		
3228	23.982		
3229	74.909		
3230	38.981		
3231	30.834		
3232	3.997		
3233	29.188		
3234	35.991		
3235	6.150		
3236	22.739		
3237	23.580		
3238	33.588		
3239	41.879		
3240	39.247		
3241	33.318		
3242	9.398		
3243	33.460		
3244	32.728		
3245	56.315		
3246	32.839		
3247	31.273		
3248	45.900		
3249	85.151		
3250	15.575		
3251	38.301		
3252	6.054		
3253	41.014		
3254	19.156		
3255	9.605		
3256	20.603		
3257	27.344		
3258	28.064		
3259	45.825		
3260	19.627		
3261	26.072		
3262	7.344		
3263	12.503		
3264	12.638		
3265	23.160		
3266	18.834		
3267	16.008		
3268	54.131		
3269	85.902		
3270	9.336		
3271	27.591		
3272	45.229		
3273	56.447		
3274	84.602		
3275	54.116		
3276	57.850		
3277	90.767		
3278	83.809		
3279	45.174		
3280	42.839		
3281	60.160		
3282	67.180		
3283	36.869		
3284	92.066		
3285	70.429		
3286	62.915		
3287	51.249		
3288	59.463		
3289	20.585		
3290	20.780		
3291	54.394		
3292	49.466		
3293	27.638		
3294	36.362		
3295	64.107		
3296	82.077		
3297	71.772		
3298	102.392		
3299	38.928		
3300	49.578		
3301	121.899		
3302	74.780		
3303	84.076		
3304	118.213		
3305	68.764		
3306	83.014		
3307	44.449		
3308	75.045		
3309	86.763		
3310	62.596		
3311	79.735		
3312	64.856		
3313	45.835		
3314	63.491		
3315	108.708		
3316	108.301		
3317	44.838		
3318	46.049		
3319	43.462		
3320	115.762		
3321	70.695		
3322	63.213		
3323	94.929		
3324	143.328		
3325	83.242		
3326	82.368		
3327	84.875		
3328	211.673		
3329	53.780		
3330	83.796		
3331	124.571		
3332	74.285		
3333	113.481		
3334	32.441		
3335	80.735		
3336	64.350		
3337	64.137		
3338	21.861		
3339	23.859		
3340	28.572		
3341	4.711		
3342	36.500		
3343	73.688		
3344	18.577		
3345	44.380		
3346	39.348		
3347	55.361		
3348	39.920		
3349	23.713		
3350	9.866		
3351	66.748		
3352	13.840		
3353	46.423		
3354	83.824		
3355	84.445		
3356	69.513		
3357	103.227		
3358	65.627		
3359	64.965		
3360	89.887		
3361	65.848		
3362	59.655		
3363	87.831		
3364	70.437		
3365	112.069		
3366	71.044		
3367	94.335		
3368	59.517		
3369	54.841		
3370	75.359		
3371	56.417		
3372	56.631		
3373	52.821		
3374	27.096		
3375	22.705		
3376	54.063		
3377	54.338		
3378	27.330		
3379	52.320		
3380	115.303		
3381	75.095		
3382	68.751		
3383	76.919		
3384	103.118		
3385	65.998		
3386	59.700		
3387	90.424		
3388	60.673		
3389	61.202		
3390	43.404		
3391	41.268		
3392	70.519		
3393	63.614		
3394	72.459		
3395	43.389		
3396	70.785		
3397	40.528		
3398	49.599		
3399	86.674		
3400	95.140		
3401	60.506		
3402	81.169		
3403	89.814		
3404	92.203		
3405	69.829		
3406	51.032		
3407	57.389		
3408	73.803		
3409	94.809		
3410	36.491		
3411	63.277		
3412	7.260		
3413	35.835		
3414	40.195		
3415	36.485		
3416	43.390		
3417	108.548		
3418	81.691		
3419	82.890		
3420	84.463		
3421	57.265		
3422	72.000		
3423	62.810		
3424	32.165		
3425	66.046		
3426	60.553		
3427	86.682		
3428	35.079		
3429	72.834		
3430	52.174		
3431	158.671		
3432	62.620		
3433	82.207		
3434	69.216		
3435	95.682		
3436	37.078		
3437	54.759		
3438	14.666		
3439	40.309		
3440	41.411		
3441	36.593		
3442	93.802		
3443	48.618		
3444	76.466		
3445	16.342		
3446	24.437		
3447	28.556		
3448	13.071		
3449	30.756		
3450	31.010		
3451	51.430		
3452	24.470		
3453	38.035		
3454	39.464		
3455	55.340		
3456	14.191		
3457	18.810		
3458	7.418		
3459	33.586		
3460	24.800		
3461	21.018		
3462	48.851		
3463	28.987		
3464	59.700		
3465	6.820		
3466	130.548		
3467	99.301		
3468	131.148		
3469	64.193		
3470	100.238		
3471	73.303		
3472	33.308		
3473	44.775		
3474	71.246		
3475	38.206		
3476	50.744		
3477	24.014		
3478	47.991		
3479	56.159		
3480	56.530		
3481	56.977		
3482	186.005		
3483	145.870		
3484	176.152		
3485	119.067		
3486	54.633		
3487	54.447		
3488	58.584		
3489	112.582		
3490	53.085		
3491	92.353		
3492	83.427		
3493	71.679		
3494	65.770		
3495	133.450		
3496	87.429		
3497	139.366		
3498	178.766		
3499	98.832		
3500	156.448		
3501	73.049		
3502	120.558		
3503	143.214		
3504	45.260		
3505	77.367		
3506	97.838		
3507	126.939		
3508	129.768		
3509	93.933		
3510	106.128		
3511	116.155		
3512	78.972		
3513	62.135		
3514	88.319		
3515	75.296		
3516	93.446		
3517	52.408		
3518	73.060		
3519	101.600		
3520	121.808		
3521	162.156		
3522	185.678		
3523	103.984		
3524	141.586		
3525	81.439		
3526	72.459		
3527	110.880		
3528	121.948		
3529	117.296		
3530	61.033		
3531	31.551		
3532	67.670		
3533	82.655		
3534	93.632		
3535	84.590		
3536	48.125		
3537	67.777		
3538	78.358		
3539	108.357		
3540	45.887		
3541	69.611		
3542	31.149		
3543	94.597		
3544	99.245		
3545	120.390		
3546	16.011		
3547	64.605		
3548	101.130		
3549	17.415		
3550	49.495		
3551	14.354		
3552	62.389		
3553	90.994		
3554	96.767		
3555	35.332		
3556	120.501		
3557	114.089		
3558	82.429		
3559	98.550		
3560	70.018		
3561	180.759		
3562	87.158		
3563	116.515		
3564	47.933		
3565	82.203		
3566	125.949		
3567	165.976		
3568	116.014		
3569	88.840		
3570	117.188		
3571	163.773		
3572	198.090		
3573	169.129		
3574	122.090		
3575	140.531		
3576	126.585		
3577	115.645		
3578	125.762		
3579	148.611		
3580	126.901		
3581	148.674		
3582	96.798		
3583	93.551		
3584	75.941		
3585	115.573		
3586	106.537		
3587	60.340		
3588	129.647		
3589	66.905		
3590	92.696		
3591	126.957		
3592	119.330		
3593	52.953		
3594	202.544		
3595	96.414		
3596	119.851		
3597	75.777		
3598	152.388		
3599	150.939		
3600	146.541		
3601	115.330		
3602	131.288		
3603	107.311		
3604	50.591		
3605	71.498		
3606	107.757		
3607	37.246		
3608	50.683		
3609	79.298		
3610	97.909		
3611	81.318		
3612	77.578		
3613	46.207		
3614	76.173		
3615	19.999		
3616	43.698		
3617	101.049		
3618	89.864		
3619	109.911		
3620	108.762		
3621	47.506		
3622	25.913		
3623	92.533		
3624	92.475		
3625	62.710		
3626	120.626		
3627	31.994		
3628	43.648		
3629	73.874		
3630	100.006		
3631	79.809		
3632	62.847		
3633	119.899		
3634	88.675		
3635	71.425		
3636	92.707		
3637	102.726		
3638	81.515		
3639	89.339		
3640	65.661		
3641	76.722		
3642	47.413		
3643	162.879		
3644	123.819		
3645	130.037		
3646	68.836		
3647	81.234		
3648	83.803		
3649	45.791		
3650	15.372		
3651	59.428		
3652	71.115		
3653	51.914		
3654	84.497		
3655	15.410		
3656	74.547		
3657	126.575		
3658	47.484		
3659	18.437		
3660	79.861		
3661	13.646		
3662	77.365		
3663	96.847		
3664	120.043		
3665	123.809		
3666	27.003		
3667	63.125		
3668	35.277		
3669	130.779		
3670	79.033		
3671	131.280		
3672	73.253		
3673	84.726		
3674	160.690		
3675	92.767		
3676	82.355		
3677	64.207		
3678	92.672		
3679	91.360		
3680	87.510		
3681	35.616		
3682	113.873		
3683	147.356		
3684	186.727		
3685	175.310		
3686	72.122		
3687	106.865		
3688	93.380		
3689	86.026		
3690	156.891		
3691	163.044		
3692	86.280		
3693	87.354		
3694	126.123		
3695	90.274		
3696	40.070		
3697	71.885		
3698	76.934		
3699	70.319		
3700	65.154		
3701	109.178		
3702	27.550		
3703	53.712		
3704	93.045		
3705	58.489		
3706	73.909		
3707	92.211		
3708	142.939		
3709	134.248		
3710	107.026		
3711	59.784		
3712	157.179		
3713	184.033		
3714	123.832		
3715	127.819		
3716	106.169		
3717	97.801		
3718	91.291		
3719	113.062		
3720	133.496		
3721	124.689		
3722	49.819		
3723	83.445		
3724	49.240		
3725	53.691		
3726	149.880		
3727	183.866		
3728	77.448		
3729	85.775		
3730	126.968		
3731	168.733		
3732	130.449		
3733	78.657		
3734	75.873		
3735	146.984		
3736	100.841		
3737	129.341		
3738	79.142		
3739	100.753		
3740	171.188		
3741	60.055		
3742	71.447		
3743	87.612		
3744	141.515		
3745	66.788		
3746	54.041		
3747	110.112		
3748	88.037		
3749	175.635		
3750	71.263		
3751	105.824		
3752	113.408		
3753	52.130		
3754	158.994		
3755	164.538		
3756	123.470		
3757	77.699		
3758	76.583		
3759	78.111		
3760	124.051		
3761	104.326		
3762	76.945		
3763	100.606		
3764	142.633		
3765	97.213		
3766	115.844		
3767	55.779		
3768	106.415		
3769	77.098		
3770	148.709		
3771	116.227		
3772	17.013		
3773	80.448		
3774	129.206		
3775	60.197		
3776	115.751		
3777	80.371		
3778	108.260		
3779	40.736		
3780	37.337		
3781	94.538		
3782	58.248		
3783	67.946		
3784	135.981		
3785	60.605		
3786	89.255		
3787	69.073		
3788	78.372		
3789	196.890		
3790	115.325		
3791	130.735		
3792	55.990		
3793	204.056		
3794	76.862		
3795	77.454		
3796	114.555		
3797	146.443		
3798	105.035		
3799	94.602		
3800	39.267		
3801	61.598		
3802	55.392		
3803	130.417		
3804	133.764		
3805	103.339		
3806	29.763		
3807	62.039		
3808	52.100		
3809	16.921		
3810	102.464		
3811	78.290		
3812	77.484		
3813	49.655		
3814	61.696		
3815	48.362		
3816	89.507		
3817	44.234		
3818	94.860		
3819	80.445		
3820	168.467		
3821	47.780		
3822	95.025		
3823	54.060		
3824	74.477		
3825	125.622		
3826	34.571		
3827	83.836		
3828	93.455		
3829	72.425		
3830	157.563		
3831	87.835		
3832	207.243		
3833	114.171		
3834	131.470		
3835	132.820		
3836	51.254		
3837	35.264		
3838	58.272		
3839	69.084		
3840	97.704		
3841	144.185		
3842	91.040		
3843	43.750		
3844	87.751		
3845	66.365		
3846	26.647		
3847	110.642		
3848	74.920		
3849	75.043		
3850	47.870		
3851	69.891		
3852	51.980		
3853	97.297		
3854	42.910		
3855	63.617		
3856	80.770		
3857	13.942		
3858	48.912		
3859	67.205		
3860	76.822		
3861	13.040		
3862	90.001		
3863	35.246		
3864	26.309		
3865	66.208		
3866	8.188		
3867	53.210		
3868	62.232		
3869	70.161		
3870	125.508		
3871	25.628		
3872	85.097		
3873	48.617		
3874	67.465		
3875	61.196		
3876	108.759		
3877	84.930		
3878	120.098		
3879	60.865		
3880	75.758		
3881	109.015		
3882	52.889		
3883	99.856		
3884	141.578		
3885	166.278		
3886	44.692		
3887	125.851		
3888	122.879		
3889	88.279		
3890	50.593		
3891	104.772		
3892	110.909		
3893	147.802		
3894	83.724		
3895	36.202		
3896	99.760		
3897	49.819		
3898	79.169		
3899	117.086		
3900	16.174		
3901	31.064		
3902	90.606		
3903	39.850		
3904	105.505		
3905	63.640		
3906	24.903		
3907	12.436		
3908	14.224		
3909	69.268		
3910	39.793		
3911	58.879		
3912	50.716		
3913	91.352		
3914	31.459		
3915	51.816		
3916	105.748		
3917	60.893		
3918	34.605		
3919	55.140		
3920	32.089		
3921	13.443		
3922	69.018		
3923	160.152		
3924	40.466		
3925	32.283		
3926	55.303		
3927	47.702		
3928	40.773		
3929	60.301		
3930	56.534		
3931	52.271		
3932	49.938		
3933	26.417		
3934	61.687		
3935	54.388		
3936	145.201		
3937	115.846		
3938	31.738		
3939	82.613		
3940	68.639		
3941	74.113		
3942	79.518		
3943	79.219		
3944	93.183		
3945	63.859		
3946	94.272		
3947	63.333		
3948	62.888		
3949	42.816		
3950	35.820		
3951	28.962		
3952	82.191		
3953	77.043		
3954	91.913		
3955	36.065		
3956	118.250		
3957	170.278		
3958	72.111		
3959	52.214		
3960	92.503		
3961	31.955		
3962	70.897		
3963	122.596		
3964	50.008		
3965	122.606		
3966	45.561		
3967	119.519		
3968	48.600		
3969	17.239		
3970	50.645		
3971	63.685		
3972	63.055		
3973	26.398		
3974	153.998		
3975	56.262		
3976	23.588		
3977	59.610		
3978	16.544		
3979	55.206		
3980	61.707		
3981	67.364		
3982	139.127		
3983	40.579		
3984	114.897		
3985	83.538		
3986	123.732		
3987	90.523		
3988	101.620		
3989	28.619		
3990	15.807		
3991	32.266		
3992	2.306		
3993	27.228		
3994	42.901		
3995	8.730		
3996	28.594		
3997	25.631		
3998	69.916		
3999	59.168		
4000	49.832		
4001	33.344		
4002	49.479		
4003	125.827		
4004	7.191		
4005	27.478		
4006	84.283		
4007	81.712		
4008	31.323		
4009	47.292		
4010	5.161		
4011	35.370		
4012	44.602		
4013	26.581		
4014	42.032		
4015	6.738		
4016	49.619		
4017	22.827		
4018	32.777		
4019	47.426		
4020	49.026		
4021	72.854		
4022	66.768		
4023	60.482		
4024	87.143		
4025	50.633		
4026	61.530		
4027	74.522		
4028	113.967		
4029	64.096		
4030	93.653		
4031	123.909		
4032	62.358		
4033	94.068		
4034	80.100		
4035	54.678		
4036	66.167		
4037	95.840		
4038	55.237		
4039	68.867		
4040	89.109		
4041	49.578		
4042	51.632		
4043	295.370		
4044	183.354		
4045	148.362		
4046	188.520		
4047	276.850		
4048	92.031		
4049	144.399		
4050	177.250		
4051	112.177		
4052	171.436		
4053	101.705		
4054	215.020		
4055	138.451		
4056	164.396		
4057	157.947		
4058	75.675		
4059	150.519		
4060	188.914		
4061	115.338		
4062	288.622		
4063	106.296		
4064	108.763		
4065	95.850		
4066	119.271		
4067	184.472		
4068	128.496		
4069	95.146		
4070	129.106		
4071	80.209		
4072	78.716		
4073	88.602		
4074	117.907		
4075	115.245		
4076	78.467		
4077	88.251		
4078	105.459		
4079	72.932		
4080	105.565		
4081	146.537		
4082	95.292		
4083	64.171		
4084	107.489		
4085	115.314		
4086	129.475		
4087	105.047		
4088	93.929		
4089	132.778		
4090	61.977		
4091	68.773		
4092	66.328		
4093	71.717		
4094	141.533		
4095	67.412		
4096	125.769		
4097	130.745		
4098	121.783		
4099	153.058		
4100	106.077		
4101	129.463		
4102	134.842		
4103	128.223		
4104	203.889		
4105	140.094		
4106	255.758		
4107	181.442		
4108	189.874		
4109	77.877		
4110	82.047		
4111	96.635		
4112	87.918		
4113	116.290		
4114	100.092		
4115	79.895		
4116	115.941		
4117	135.990		
4118	181.177		
4119	121.718		
4120	147.352		
4121	97.582		
4122	133.971		
4123	145.517		
4124	155.152		
4125	140.631		
4126	153.161		
4127	141.454		
4128	138.625		
4129	153.478		
4130	177.858		
4131	39.978		
4132	96.704		
4133	87.893		
4134	128.694		
4135	95.464		
4136	125.874		
4137	102.020		
4138	92.288		
4139	101.803		
4140	129.830		
4141	123.309		
4142	78.681		
4143	57.366		
4144	145.122		
4145	123.413		
4146	55.684		
4147	79.669		
4148	79.114		
4149	75.283		
4150	76.702		
4151	63.342		
4152	99.392		
4153	180.752		
4154	139.376		
4155	134.245		
4156	78.617		
4157	146.494		
4158	76.873		
4159	101.167		
4160	110.332		
4161	138.775		
4162	126.845		
4163	109.190		
4164	228.645		
4165	225.541		
4166	110.549		
4167	19.229		
4168	28.157		
4169	47.073		
4170	81.044		
4171	48.916		
4172	108.620		
4173	77.787		
4174	56.349		
4175	94.994		
4176	148.529		
4177	89.760		
4178	124.904		
4179	57.898		
4180	116.993		
4181	106.666		
4182	95.939		
4183	95.470		
4184	106.988		
4185	57.709		
4186	175.212		
4187	42.777		
4188	149.440		
4189	142.917		
4190	111.405		
4191	55.214		
4192	61.714		
4193	63.985		
4194	140.235		
4195	99.097		
4196	54.808		
4197	95.544		
4198	100.474		
4199	112.326		
4200	117.556		
4201	162.617		
4202	107.764		
4203	136.805		
4204	141.525		
4205	167.152		
4206	126.616		
4207	75.656		
4208	67.464		
4209	96.123		
4210	141.867		
4211	20.740		
4212	111.855		
4213	67.404		
4214	24.581		
4215	50.001		
4216	143.473		
4217	25.114		
4218	121.427		
4219	73.044		
4220	74.334		
4221	51.529		
4222	83.002		
4223	113.332		
4224	83.749		
4225	25.560		
4226	119.200		
4227	57.405		
4228	41.961		
4229	15.037		
4230	88.025		
4231	63.229		
4232	23.271		
4233	83.935		
4234	149.355		
4235	32.092		
4236	131.419		
4237	45.293		
4238	60.877		
4239	26.524		
4240	133.251		
4241	92.727		
4242	110.811		
4243	24.321		
4244	47.152		
4245	78.631		
4246	108.227		
4247	87.506		
4248	45.664		
4249	82.141		
4250	60.837		
4251	103.562		
4252	36.821		
4253	98.090		
4254	72.865		
4255	57.101		
4256	155.349		
4257	109.707		
4258	91.412		
4259	52.500		
4260	95.686		
4261	99.492		
4262	40.829		
4263	81.831		
4264	62.142		
4265	16.648		
4266	27.581		
4267	99.242		
4268	118.112		
4269	72.320		
4270	24.437		
4271	155.499		
4272	76.321		
4273	93.751		
4274	97.702		
4275	61.907		
4276	119.538		
4277	167.234		
4278	155.070		
4279	59.891		
4280	58.390		
4281	54.722		
4282	195.248		
4283	129.331		
4284	28.786		
4285	165.719		
4286	163.401		
4287	84.338		
4288	14.182		
4289	10.913		
4290	111.635		
4291	52.656		
4292	122.222		
4293	76.639		
4294	26.168		
4295	79.563		
4296	121.819		
4297	127.071		
4298	125.104		
4299	116.212		
4300	125.452		
4301	56.285		
4302	55.794		
4303	128.427		
4304	68.037		
4305	95.599		
4306	36.868		
4307	58.356		
4308	57.751		
4309	72.584		
4310	74.581		
4311	54.745		
4312	81.261		
4313	14.668		
4314	89.539		
4315	64.221		
4316	11.184		
4317	126.769		
4318	13.944		
4319	144.192		
4320	97.333		
4321	67.725		
4322	134.057		
4323	145.727		
4324	18.422		
4325	124.037		
4326	96.019		
4327	116.578		
4328	73.404		
4329	80.474		
4330	46.294		
4331	63.558		
4332	65.185		
4333	60.869		
4334	108.531		
4335	43.121		
4336	106.879		
4337	119.041		
4338	91.541		
4339	112.832		
4340	43.941		
4341	102.066		
4342	110.765		
4343	89.702		
4344	40.358		
4345	70.514		
4346	91.982		
4347	101.412		
4348	91.787		
4349	85.234		
4350	171.590		
4351	88.700		
4352	48.202		
4353	88.968		
4354	68.732		
4355	97.323		
4356	91.044		
4357	56.725		
4358	77.836		
4359	86.030		
4360	40.698		
4361	54.450		
4362	54.445		
4363	119.693		
4364	130.732		
4365	45.382		
4366	63.181		
4367	88.138		
4368	106.449		
4369	114.880		
4370	73.699		
4371	85.587		
4372	212.490		
4373	131.754		
4374	108.650		
4375	172.598		
4376	117.060		
4377	60.246		
4378	76.269		
4379	59.361		
4380	76.854		
4381	64.399		
4382	66.216		
4383	111.973		
4384	74.302		
4385	82.324		
4386	128.079		
4387	181.427		
4388	111.697		
4389	130.575		
4390	101.242		
4391	42.395		
4392	53.329		
4393	73.734		
4394	64.369		
4395	124.194		
4396	114.624		
4397	57.262		
4398	121.949		
4399	182.845		
4400	132.369		
4401	103.587		
4402	122.635		
4403	106.935		
4404	123.430		
4405	131.929		
4406	70.919		
4407	76.425		
4408	25.016		
4409	38.330		
4410	78.349		
4411	39.023		
4412	229.102		
4413	197.991		
4414	112.288		
4415	241.610		
4416	130.340		
4417	74.994		
4418	237.844		
4419	65.903		
4420	84.059		
4421	146.226		
4422	146.634		
4423	139.841		
4424	120.888		
4425	23.332		
4426	24.126		
4427	122.061		
4428	101.624		
4429	136.136		
4430	117.018		
4431	62.786		
4432	108.580		
4433	147.323		
4434	185.806		
4435	209.624		
4436	82.247		
4437	53.445		
4438	35.742		
4439	15.623		
4440	80.162		
4441	30.510		
4442	100.043		
4443	53.900		
4444	65.870		
4445	45.290		
4446	63.825		
4447	132.749		
4448	74.735		
4449	107.888		
4450	106.378		
4451	184.756		
4452	199.693		
4453	91.764		
4454	153.559		
4455	72.658		
4456	106.387		
4457	174.580		
4458	90.731		
4459	172.096		
4460	75.294		
4461	113.129		
4462	131.539		
4463	41.654		
4464	29.341		
4465	174.223		
4466	119.745		
4467	93.271		
4468	91.350		
4469	80.143		
4470	41.934		
4471	76.675		
4472	46.033		
4473	80.879		
4474	27.437		
4475	43.758		
4476	62.848		
4477	47.143		
4478	94.049		
4479	149.213		
4480	135.679		
4481	94.918		
4482	91.368		
4483	103.377		
4484	67.836		
4485	72.391		
4486	44.557		
4487	71.329		
4488	102.456		
4489	203.833		
4490	100.165		
4491	25.232		
4492	33.150		
4493	76.936		
4494	113.155		
4495	33.798		
4496	61.657		
4497	36.782		
4498	112.130		
4499	96.305		
4500	107.314		
4501	57.418		
4502	86.545		
4503	121.000		
4504	99.615		
4505	74.083		
4506	170.231		
4507	102.124		
4508	96.946		
4509	54.658		
4510	125.962		
4511	67.535		
4512	213.584		
4513	104.044		
4514	152.382		
4515	132.885		
4516	66.692		
4517	39.791		
4518	67.077		
4519	148.594		
4520	62.939		
4521	63.777		
4522	100.774		
4523	63.350		
4524	103.415		
4525	77.332		
4526	35.648		
4527	78.026		
4528	90.519		
4529	120.709		
4530	91.005		
4531	79.321		
4532	123.785		
4533	122.739		
4534	92.148		
4535	105.559		
4536	32.236		
4537	67.211		
4538	148.789		
4539	152.216		
4540	69.878		
4541	66.958		
4542	135.514		
4543	96.683		
4544	77.786		
4545	112.534		
4546	56.733		
4547	82.719		
4548	89.981		
4549	64.515		
4550	53.976		
4551	84.664		
4552	65.872		
4553	192.789		
4554	196.936		
4555	208.987		
4556	64.658		
4557	151.111		
4558	182.242		
4559	180.255		
4560	188.908		
4561	175.454		
4562	223.197		
4563	34.823		
4564	67.543		
4565	132.561		
4566	82.846		
4567	74.662		
4568	163.650		
4569	147.308		
4570	183.277		
4571	48.281		
4572	152.684		
4573	194.357		
4574	59.937		
4575	48.742		
4576	116.994		
4577	129.563		
4578	82.874		
4579	128.901		
4580	75.556		
4581	160.486		
4582	115.353		
4583	171.825		
4584	83.128		
4585	179.157		
4586	267.910		
4587	92.794		
4588	114.174		
4589	85.395		
4590	92.548		
4591	88.614		
4592	160.722		
4593	147.505		
4594	163.642		
4595	158.442		
4596	108.693		
4597	107.206		
4598	190.762		
4599	137.339		
4600	122.402		
4601	105.386		
4602	113.675		
4603	197.536		
4604	68.672		
4605	98.614		
4606	120.218		
4607	88.299		
4608	131.299		
4609	218.447		
4610	50.414		
4611	123.784		
4612	71.872		
4613	143.956		
4614	35.467		
4615	101.826		
4616	137.865		
4617	112.037		
4618	108.137		
4619	193.685		
4620	150.794		
4621	64.410		
4622	200.047		
4623	127.973		
4624	167.120		
4625	148.423		
4626	185.551		
4627	87.867		
4628	131.014		
4629	182.180		
4630	154.758		
4631	96.412		
4632	119.328		
4633	41.862		
4634	107.562		
4635	105.962		
4636	48.466		
4637	101.432		
4638	92.828		
4639	149.896		
4640	82.724		
4641	94.660		
4642	171.812		
4643	162.283		
4644	105.922		
4645	130.690		
4646	86.052		
4647	106.373		
4648	155.314		
4649	82.458		
4650	110.230		
4651	100.375		
4652	116.861		
4653	80.483		
4654	132.172		
4655	19.303		
4656	21.137		
4657	59.114		
4658	22.886		
4659	80.756		
4660	62.863		
4661	40.123		
4662	69.123		
4663	64.880		
4664	81.332		
4665	75.591		
4666	97.699		
4667	63.607		
4668	116.173		
4669	48.813		
4670	29.377		
4671	72.437		
4672	84.993		
4673	87.262		
4674	173.943		
4675	84.751		
4676	28.236		
4677	64.189		
4678	44.218		
4679	19.906		
4680	98.521		
4681	53.496		
4682	76.731		
4683	38.169		
4684	115.298		
4685	48.967		
4686	127.160		
4687	29.494		
4688	74.523		
4689	75.541		
4690	99.176		
4691	65.896		
4692	182.720		
4693	153.187		
4694	68.879		
4695	103.662		
4696	55.465		
4697	96.190		
4698	73.475		
4699	18.082		
4700	46.297		
4701	52.366		
4702	43.194		
4703	165.529		
4704	135.156		
4705	48.262		
4706	77.781		
4707	48.379		
4708	65.507		
4709	95.423		
4710	60.371		
4711	84.842		
4712	144.692		
4713	122.871		
4714	53.052		
4715	55.804		
4716	115.508		
4717	82.357		
4718	108.918		
4719	163.793		
4720	60.801		
4721	130.433		
4722	38.525		
4723	63.952		
4724	21.573		
4725	51.243		
4726	84.756		
4727	93.602		
4728	48.094		
4729	146.222		
4730	120.589		
4731	50.816		
4732	89.596		
4733	58.030		
4734	123.638		
4735	88.424		
4736	58.416		
4737	86.276		
4738	71.066		
4739	136.926		
4740	31.308		
4741	68.883		
4742	121.407		
4743	76.646		
4744	43.389		
4745	113.778		
4746	79.932		
4747	33.427		
4748	106.207		
4749	21.857		
4750	60.779		
4751	68.229		
4752	62.506		
4753	145.720		
4754	56.499		
4755	40.003		
4756	71.027		
4757	55.371		
4758	67.840		
4759	75.346		
4760	129.604		
4761	116.399		
4762	57.756		
4763	49.033		
4764	55.552		
4765	67.830		
4766	108.659		
4767	100.714		
4768	44.607		
4769	70.345		
4770	85.422		
4771	48.032		
4772	85.496		
4773	59.907		
4774	69.232		
4775	174.863		
4776	173.734		
4777	68.313		
4778	137.052		
4779	116.789		
4780	116.887		
4781	61.013		
4782	91.296		
4783	55.159		
4784	64.162		
4785	38.773		
4786	64.165		
4787	69.073		
4788	69.060		
4789	49.676		
4790	86.922		
4791	90.200		
4792	56.326		
4793	62.002		
4794	104.446		
4795	99.625		
4796	89.644		
4797	108.390		
4798	105.119		
4799	38.143		
4800	39.598		
4801	45.700		
4802	86.247		
4803	37.236		
4804	95.919		
4805	114.864		
4806	91.991		
4807	87.945		
4808	85.218		
4809	75.032		
4810	131.345		
4811	103.758		
4812	117.188		
4813	120.145		
4814	109.743		
4815	128.482		
4816	15.299		
4817	101.460		
4818	92.806		
4819	35.201		
4820	53.036		
4821	116.400		
4822	47.328		
4823	174.866		
4824	137.572		
4825	130.910		
4826	144.058		
4827	13.786		
4828	47.811		
4829	81.859		
4830	75.907		
4831	13.600		
4832	68.323		
4833	41.785		
4834	23.979		
4835	86.061		
4836	7.702		
4837	67.997		
4838	49.473		
4839	69.015		
4840	127.478		
4841	112.873		
4842	25.286		
4843	43.403		
4844	45.666		
4845	52.679		
4846	84.703		
4847	64.923		
4848	116.856		
4849	66.546		
4850	82.047		
4851	93.070		
4852	68.615		
4853	123.614		
4854	175.581		
4855	59.116		
4856	98.235		
4857	182.555		
4858	68.497		
4859	35.440		
4860	109.131		
4861	209.923		
4862	177.681		
4863	96.292		
4864	159.254		
4865	137.485		
4866	130.740		
4867	100.423		
4868	22.064		
4869	53.010		
4870	83.776		
4871	82.300		
4872	92.696		
4873	42.648		
4874	66.715		
4875	95.504		
4876	86.383		
4877	117.881		
4878	93.956		
4879	61.417		
4880	119.863		
4881	103.269		
4882	105.119		
4883	169.854		
4884	137.520		
4885	90.261		
4886	100.872		
4887	100.871		
4888	105.713		
4889	64.417		
4890	83.174		
4891	105.066		
4892	45.789		
4893	153.301		
4894	25.029		
4895	141.794		
4896	77.042		
4897	110.218		
4898	108.970		
4899	129.599		
4900	103.756		
4901	96.610		
4902	70.010		
4903	78.644		
4904	139.466		
4905	98.770		
4906	61.188		
4907	89.155		
4908	19.484		
4909	50.937		
4910	78.980		
4911	54.964		
4912	93.552		
4913	59.209		
4914	159.120		
4915	138.998		
4916	125.072		
4917	85.637		
4918	129.999		
4919	101.656		
4920	155.411		
4921	44.537		
4922	132.431		
4923	100.060		
4924	124.739		
4925	100.665		
4926	117.759		
4927	98.219		
4928	94.139		
4929	59.429		
4930	57.630		
4931	128.500		
4932	72.128		
4933	94.218		
4934	144.578		
4935	107.888		
4936	142.040		
4937	145.275		
4938	14.422		
4939	26.066		
4940	155.493		
4941	99.135		
4942	84.502		
4943	25.982		
4944	152.181		
4945	19.653		
4946	124.716		
4947	66.076		
4948	69.742		
4949	116.394		
4950	33.607		
4951	105.282		
4952	65.396		
4953	116.571		
4954	107.750		
4955	86.369		
4956	95.146		
4957	104.490		
4958	238.486		
4959	85.005		
4960	73.100		
4961	69.042		
4962	79.365		
4963	61.498		
4964	72.300		
4965	18.735		
4966	96.993		
4967	96.610		
4968	123.493		
4969	89.623		
4970	80.251		
4971	106.665		
4972	118.336		
4973	50.590		
4974	148.318		
4975	90.782		
4976	128.233		
4977	123.260		
4978	31.229		
4979	224.215		
4980	126.698		
4981	109.748		
4982	99.838		
4983	213.354		
4984	119.763		
4985	183.003		
4986	68.752		
4987	96.017		
4988	80.124		
4989	106.392		
4990	50.383		
4991	163.344		
4992	74.633		
4993	103.769		
4994	79.303		
4995	56.464		
4996	72.553		
4997	122.687		
4998	150.941		
4999	125.216		
5000	62.751		
5001	99.650		
5002	73.011		
5003	71.618		
5004	92.325		
5005	89.604		
5006	88.470		
5007	138.987		
5008	111.744		
5009	130.072		
5010	54.000		
5011	178.506		
5012	102.597		
5013	127.981		
5014	98.643		
5015	113.893		
5016	116.306		
5017	157.597		
5018	124.657		
5019	74.595		
5020	173.836		
5021	90.287		
5022	116.484		
5023	170.454		
5024	168.313		
5025	98.768		
5026	143.372		
5027	236.640		
5028	105.858		
5029	87.684		
5030	84.437		
5031	93.666		
5032	67.240		
5033	32.462		
5034	39.020		
5035	71.155		
5036	57.323		
5037	146.817		
5038	94.135		
5039	78.858		
5040	116.517		
5041	58.552		
5042	97.092		
5043	42.716		
5044	88.834		
5045	74.977		
5046	94.877		
5047	81.124		
5048	79.089		
5049	122.469		
5050	124.704		
5051	121.690		
5052	108.402		
5053	52.281		
5054	67.300		
5055	46.388		
5056	60.560		
5057	73.094		
5058	101.679		
5059	94.082		
5060	132.006		
5061	125.533		
5062	101.582		
5063	65.911		
5064	110.187		
5065	103.358		
5066	132.610		
5067	84.933		
5068	96.606		
5069	121.620		
5070	91.014		
5071	25.166		
5072	57.501		
5073	79.178		
5074	61.684		
5075	43.711		
5076	73.150		
5077	100.383		
5078	79.784		
5079	86.910		
5080	39.630		
5081	69.866		
5082	107.671		
5083	91.383		
5084	79.657		
5085	140.913		
5086	112.235		
5087	117.069		
5088	16.979		
5089	39.843		
5090	79.762		
5091	45.745		
5092	23.982		
5093	58.151		
5094	16.186		
5095	27.827		
5096	98.201		
5097	89.904		
5098	128.405		
5099	73.371		
5100	62.926		
5101	87.405		
5102	64.603		
5103	75.897		
5104	20.312		
5105	64.368		
5106	71.977		
5107	50.311		
5108	32.015		
5109	45.281		
5110	18.188		
5111	98.131		
5112	87.264		
5113	146.398		
5114	108.529		
5115	117.266		
5116	48.110		
5117	66.707		
5118	89.936		
5119	102.974		
5120	106.114		
5121	47.769		
5122	53.618		
5123	63.306		
5124	125.813		
5125	67.366		
5126	86.755		
5127	58.420		
5128	92.754		
5129	59.594		
5130	59.941		
5131	17.792		
5132	19.835		
5133	80.891		
5134	81.022		
5135	72.440		
5136	120.283		
5137	86.505		
5138	61.495		
5139	56.250		
5140	101.351		
5141	99.994		
5142	92.831		
5143	104.004		
5144	75.058		
5145	121.574		
5146	83.426		
5147	93.970		
5148	42.790		
5149	133.024		
5150	97.949		
5151	126.480		
5152	40.957		
5153	123.528		
5154	94.587		
5155	154.148		
5156	114.134		
5157	19.537		
5158	39.220		
5159	15.133		
5160	61.987		
5161	40.077		
5162	63.868		
5163	77.647		
5164	9.179		
5165	105.546		
5166	157.571		
5167	101.069		
5168	94.599		
5169	79.568		
5170	65.428		
5171	157.134		
5172	104.119		
5173	68.679		
5174	73.371		
5175	104.058		
5176	83.286		
5177	81.791		
5178	81.605		
5179	124.999		
5180	90.134		
5181	120.545		
5182	144.211		
5183	185.096		
5184	96.478		
5185	205.625		
5186	89.841		
5187	102.944		
5188	128.859		
5189	50.656		
5190	89.016		
5191	103.096		
5192	88.570		
5193	119.198		
5194	80.859		
5195	158.101		
5196	114.838		
5197	134.453		
5198	134.314		
5199	118.413		
5200	88.818		
5201	66.174		
5202	106.435		
5203	61.278		
5204	115.063		
5205	103.784		
5206	113.416		
5207	135.022		
5208	126.294		
5209	134.800		
5210	106.749		
5211	117.826		
5212	95.755		
5213	104.753		
5214	56.453		
5215	50.705		
5216	46.327		
5217	120.592		
5218	143.743		
5219	103.137		
5220	50.585		
5221	132.735		
5222	105.056		
5223	92.299		
5224	105.051		
5225	106.150		
5226	151.507		
5227	110.068		
5228	99.240		
5229	42.302		
5230	23.841		
5231	79.297		
5232	81.000		
5233	48.586		
5234	73.566		
5235	166.749		
5236	68.741		
5237	155.229		
5238	91.365		
5239	54.617		
5240	103.802		
5241	64.652		
5242	33.135		
5243	56.454		
5244	35.772		
5245	63.139		
5246	61.095		
5247	97.224		
5248	28.614		
5249	54.580		
5250	42.595		
5251	117.851		
5252	116.136		
5253	58.858		
5254	117.412		
5255	121.797		
5256	58.538		
5257	63.629		
5258	67.928		
5259	91.408		
5260	75.611		
5261	99.992		
5262	77.610		
5263	58.401		
5264	76.716		
5265	64.102		
5266	87.059		
5267	71.114		
5268	57.935		
5269	130.076		
5270	109.929		
5271	119.055		
5272	43.512		
5273	45.014		
5274	63.560		
5275	110.471		
5276	75.740		
5277	58.872		
5278	142.557		
5279	158.698		
5280	111.636		
5281	77.016		
5282	53.732		
5283	38.722		
5284	192.476		
5285	158.680		
5286	128.792		
5287	194.530		
5288	108.550		
5289	166.051		
5290	61.628		
5291	76.687		
5292	91.492		
5293	82.434		
5294	116.507		
5295	162.553		
5296	188.265		
5297	147.397		
5298	85.925		
5299	78.034		
5300	165.636		
5301	87.616		
5302	149.398		
5303	85.324		
5304	117.896		
5305	189.456		
5306	105.978		
5307	87.302		
5308	131.460		
5309	199.947		
5310	86.904		
5311	170.456		
5312	61.297		
5313	114.240		
5314	89.169		
5315	23.130		
5316	52.181		
5317	64.610		
5318	67.148		
5319	137.225		
5320	152.980		
5321	147.014		
5322	65.309		
5323	98.026		
5324	88.749		
5325	157.378		
5326	169.550		
5327	92.475		
5328	117.171		
5329	98.803		
5330	104.879		
5331	102.009		
5332	23.820		
5333	40.851		
5334	72.185		
5335	43.495		
5336	190.206		
5337	33.852		
5338	74.372		
5339	76.082		
5340	94.111		
5341	66.655		
5342	72.228		
5343	63.486		
5344	67.845		
5345	70.202		
5346	63.493		
5347	52.735		
5348	71.340		
5349	36.856		
5350	40.189		
5351	57.838		
5352	59.188		
5353	50.073		
5354	82.984		
5355	70.440		
5356	70.003		
5357	31.097		
5358	15.504		
5359	15.848		
5360	73.864		
5361	72.978		
5362	37.105		
5363	16.725		
5364	133.927		
5365	127.700		
5366	64.175		
5367	34.125		
5368	48.195		
5369	127.223		
5370	60.519		
5371	41.331		
5372	16.110		
5373	110.040		
5374	185.759		
5375	104.394		
5376	84.876		
5377	137.467		
5378	173.555		
5379	102.286		
5380	115.306		
5381	134.039		
5382	150.890		
5383	74.456		
5384	164.389		
5385	86.550		
5386	167.139		
5387	95.842		
5388	168.833		
5389	168.028		
5390	113.319		
5391	163.973		
5392	113.536		
5393	133.542		
5394	195.313		
5395	137.713		
5396	123.186		
5397	166.466		
5398	87.008		
5399	130.732		
5400	123.331		
5401	146.189		
5402	94.852		
5403	91.165		
5404	197.761		
5405	96.181		
5406	106.611		
5407	141.973		
5408	98.884		
5409	133.143		
5410	267.856		
5411	117.184		
5412	93.561		
5413	71.577		
5414	62.196		
5415	198.401		
5416	145.411		
5417	86.066		
5418	179.132		
5419	153.157		
5420	149.812		
5421	36.255		
5422	182.905		
5423	157.864		
5424	154.746		
5425	127.380		
5426	86.784		
5427	123.493		
5428	24.622		
5429	89.135		
5430	53.283		
5431	120.456		
5432	69.588		
5433	56.937		
5434	107.608		
5435	146.847		
5436	77.450		
5437	106.014		
5438	79.829		
5439	195.554		
5440	133.974		
5441	123.570		
5442	154.260		
5443	172.317		
5444	159.036		
5445	209.405		
5446	122.286		
5447	53.497		
5448	147.276		
5449	88.445		
5450	236.021		
5451	108.559		
5452	53.043		
5453	158.567		
5454	135.025		
5455	149.964		
5456	149.011		
5457	113.089		
5458	111.987		
5459	86.402		
5460	21.431		
5461	77.872		
5462	134.643		
5463	57.662		
5464	50.037		
5465	107.769		
5466	57.152		
5467	129.716		
5468	48.383		
5469	121.731		
5470	76.468		
5471	125.407		
5472	130.271		
5473	104.297		
5474	37.706		
5475	72.169		
5476	146.485		
5477	216.951		
5478	162.510		
5479	92.750		
5480	120.518		
5481	166.146		
5482	159.822		
5483	120.199		
5484	193.430		
5485	126.064		
5486	112.972		
5487	61.159		
5488	49.736		
5489	131.411		
5490	129.270		
5491	153.508		
5492	154.156		
5493	165.992		
5494	100.925		
5495	141.284		
5496	131.122		
5497	128.598		
5498	20.510		
5499	108.142		
5500	87.858		
5501	81.714		
5502	116.303		
5503	138.209		
5504	105.882		
5505	58.373		
5506	122.252		
5507	76.459		
5508	127.892		
5509	193.450		
5510	119.961		
5511	46.600		
5512	25.125		
5513	110.711		
5514	19.385		
5515	74.215		
5516	69.728		
5517	61.473		
5518	107.922		
5519	88.002		
5520	66.229		
5521	59.628		
5522	130.704		
5523	149.890		
5524	269.392		
5525	151.643		
5526	125.870		
5527	147.521		
5528	106.672		
5529	116.208		
5530	222.799		
5531	130.332		
5532	119.607		
5533	53.448		
5534	112.156		
5535	181.162		
5536	85.803		
5537	209.110		
5538	105.768		
5539	67.562		
5540	12.349		
5541	29.966		
5542	21.643		
5543	85.474		
5544	67.871		
5545	169.979		
5546	107.105		
5547	150.378		
5548	98.001		
5549	22.730		
5550	74.950		
5551	115.755		
5552	107.298		
5553	117.004		
5554	131.275		
5555	107.266		
5556	140.411		
5557	45.736		
5558	94.732		
5559	77.304		
5560	138.383		
5561	148.830		
5562	244.769		
5563	48.160		
5564	109.599		
5565	91.586		
5566	58.007		
5567	43.945		
5568	80.530		
5569	60.469		
5570	96.288		
5571	101.906		
5572	166.886		
5573	162.234		
5574	176.398		
5575	169.776		
5576	136.640		
5577	91.438		
5578	136.435		
5579	99.844		
5580	104.005		
5581	152.023		
5582	151.130		
5583	140.612		
5584	248.287		
5585	95.805		
5586	160.355		
5587	131.545		
5588	166.743		
5589	140.253		
5590	65.950		
5591	70.235		
5592	92.495		
5593	73.023		
5594	75.808		
5595	103.336		
5596	72.101		
5597	143.710		
5598	154.777		
5599	221.597		
5600	143.199		
5601	119.265		
5602	63.728		
5603	215.734		
5604	69.980		
5605	60.752		
5606	115.078		
5607	35.851		
5608	70.376		
5609	191.647		
5610	128.814		
5611	47.107		
5612	20.301		
5613	80.589		
5614	171.337		
5615	96.415		
5616	60.076		
5617	59.350		
5618	100.186		
5619	78.692		
5620	66.862		
5621	159.329		
5622	166.261		
5623	82.805		
5624	42.483		
5625	133.655		
5626	148.599		
5627	131.540		
5628	128.791		
5629	185.917		
5630	77.722		
5631	69.067		
5632	113.015		
5633	146.506		
5634	74.801		
5635	48.773		
5636	72.345		
5637	134.734		
5638	189.638		
5639	151.666		
5640	180.658		
5641	82.640		
5642	85.990		
5643	72.932		
5644	71.213		
5645	113.606		
5646	109.549		
5647	71.249		
5648	79.661		
5649	17.431		
5650	52.137		
5651	53.195		
5652	55.139		
5653	86.071		
5654	30.725		
5655	108.648		
5656	126.752		
5657	108.614		
5658	19.196		
5659	60.267		
5660	165.308		
5661	119.447		
5662	151.605		
5663	178.958		
5664	66.919		
5665	165.702		
5666	29.577		
5667	93.028		
5668	53.612		
5669	54.175		
5670	103.920		
5671	32.854		
5672	167.912		
5673	81.066		
5674	121.714		
5675	109.366		
5676	145.187		
5677	138.345		
5678	78.322		
5679	110.990		
5680	79.733		
5681	77.685		
5682	48.114		
5683	165.303		
5684	186.699		
5685	136.054		
5686	129.979		
5687	129.257		
5688	111.468		
5689	126.521		
5690	175.915		
5691	94.546		
5692	41.141		
5693	69.769		
5694	188.129		
5695	170.778		
5696	102.542		
5697	81.984		
5698	54.289		
5699	198.047		
5700	99.478		
5701	98.150		
5702	72.117		
5703	90.128		
5704	80.143		
5705	95.116		
5706	67.354		
5707	108.976		
5708	48.018		
5709	22.984		
5710	26.823		
5711	84.356		
5712	98.326		
5713	83.394		
5714	66.221		
5715	88.978		
5716	92.449		
5717	75.159		
5718	116.790		
5719	200.265		
5720	83.415		
5721	139.393		
5722	152.202		
5723	85.538		
5724	65.188		
5725	22.144		
5726	73.372		
5727	47.694		
5728	123.899		
5729	220.023		
5730	98.814		
5731	155.822		
5732	118.552		
5733	74.930		
5734	52.764		
5735	130.697		
5736	50.469		
5737	85.691		
5738	141.528		
5739	53.842		
5740	108.498		
5741	174.974		
5742	98.813		
5743	46.856		
5744	179.146		
5745	192.923		
5746	112.127		
5747	47.077		
5748	115.261		
5749	69.108		
5750	128.965		
5751	125.008		
5752	76.921		
5753	39.150		
5754	60.674		
5755	119.086		
5756	146.430		
5757	127.697		
5758	156.070		
5759	194.048		
5760	51.549		
5761	128.344		
5762	143.217		
5763	137.820		
5764	116.851		
5765	89.339		
5766	83.582		
5767	90.879		
5768	90.118		
5769	44.981		
5770	145.789		
5771	90.817		
5772	59.471		
5773	107.161		
5774	108.063		
5775	116.182		
5776	42.607		
5777	135.739		
5778	163.812		
5779	134.667		
5780	121.058		
5781	131.983		
5782	167.528		
5783	27.773		
5784	45.408		
5785	73.079		
5786	39.637		
5787	76.129		
5788	104.138		
5789	125.776		
5790	168.507		
5791	27.443		
5792	78.785		
5793	97.824		
5794	120.234		
5795	130.990		
5796	67.755		
5797	99.145		
5798	109.651		
5799	114.204		
5800	132.007		
5801	62.131		
5802	62.550		
5803	149.034		
5804	116.568		
5805	165.223		
5806	94.694		
5807	96.487		
5808	75.174		
5809	116.367		
5810	104.646		
5811	104.112		
5812	73.590		
5813	66.599		
5814	79.229		
5815	95.941		
5816	71.415		
5817	42.897		
5818	65.743		
5819	122.353		
5820	37.706		
5821	118.958		
5822	153.854		
5823	102.069		
5824	134.253		
5825	108.515		
5826	100.264		
5827	186.551		
5828	144.726		
5829	179.928		
5830	123.060		
5831	119.990		
5832	122.949		
5833	186.789		
5834	90.487		
5835	162.619		
5836	188.145		
5837	177.736		
5838	31.964		
5839	77.368		
5840	143.640		
5841	172.100		
5842	184.214		
5843	231.388		
5844	40.865		
5845	125.984		
5846	204.732		
5847	140.173		
5848	90.389		
5849	217.277		
5850	104.361		
5851	92.225		
5852	36.875		
5853	231.198		
5854	150.874		
5855	183.814		
5856	124.519		
5857	122.282		
5858	120.271		
5859	149.183		
5860	71.529		
5861	148.155		
5862	36.588		
5863	112.271		
5864	87.652		
5865	196.579		
5866	196.426		
5867	84.521		
5868	177.289		
5869	105.332		
5870	124.864		
5871	72.056		
5872	63.047		
5873	103.578		
5874	123.219		
5875	123.622		
5876	46.253		
5877	157.736		
5878	111.456		
5879	139.579		
5880	193.461		
5881	111.391		
5882	78.835		
5883	134.762		
5884	161.687		
5885	85.838		
5886	174.534		
5887	127.947		
5888	161.792		
5889	103.855		
5890	94.135		
5891	132.120		
5892	98.553		
5893	60.553		
5894	25.905		
5895	64.020		
5896	118.140		
5897	55.979		
5898	103.766		
5899	78.122		
5900	167.027		
5901	64.649		
5902	63.376		
5903	21.108		
5904	115.947		
5905	126.746		
5906	115.250		
5907	134.468		
5908	66.846		
5909	150.634		
5910	119.586		
5911	111.714		
5912	174.240		
5913	117.299		
5914	129.354		
5915	67.433		
5916	42.593		
5917	88.958		
5918	133.122		
5919	146.729		
5920	161.878		
5921	76.970		
5922	90.269		
5923	79.127		
5924	99.631		
5925	142.121		
5926	100.548		
5927	81.317		
5928	110.841		
5929	116.108		
5930	181.756		
5931	49.834		
5932	104.636		
5933	113.990		
5934	69.136		
5935	130.734		
5936	103.367		
5937	132.809		
5938	47.962		
5939	91.544		
5940	119.107		
5941	90.527		
5942	217.219		
5943	154.180		
5944	102.447		
5945	64.174		
5946	111.459		
5947	169.025		
5948	129.034		
5949	75.320		
5950	119.416		
5951	147.999		
5952	135.020		
5953	91.082		
5954	25.344		
5955	54.356		
5956	114.482		
5957	75.090		
5958	107.036		
5959	83.050		
5960	79.128		
5961	67.653		
5962	81.584		
5963	80.989		
5964	92.049		
5965	179.554		
5966	80.833		
5967	133.065		
5968	157.753		
5969	74.954		
5970	84.624		
5971	200.056		
5972	85.142		
5973	77.839		
5974	35.672		
5975	132.068		
5976	72.357		
5977	75.989		
5978	81.057		
5979	27.272		
5980	48.589		
5981	87.077		
5982	127.443		
5983	59.470		
5984	65.943		
5985	109.732		
5986	44.137		
5987	184.906		
5988	165.936		
5989	110.770		
5990	81.105		
5991	224.595		
5992	157.684		
5993	165.265		
5994	127.848		
5995	133.572		
5996	70.191		
5997	86.456		
5998	101.949		
5999	45.306		
6000	163.855		
6001	175.071		
6002	171.398		
6003	113.252		
6004	107.345		
6005	56.340		
6006	224.458		
6007	195.117		
6008	78.633		
6009	83.489		
6010	97.342		
6011	117.795		
6012	107.596		
6013	96.547		
6014	100.651		
6015	89.598		
6016	114.012		
6017	147.285		
6018	178.181		
6019	109.767		
6020	59.863		
6021	50.028		
6022	52.043		
6023	48.871		
6024	55.885		
6025	62.049		
6026	37.281		
6027	82.776		
6028	113.193		
6029	56.379		
6030	116.535		
6031	102.738		
6032	136.368		
6033	158.090		
6034	39.836		
6035	94.730		
6036	147.475		
6037	93.754		
6038	128.215		
6039	108.447		
6040	151.083		
6041	133.805		
6042	221.991		
6043	163.686		
6044	124.610		
6045	67.619		
6046	65.223		
6047	81.741		
6048	60.846		
6049	110.907		
6050	114.322		
6051	68.143		
6052	103.721		
6053	115.759		
6054	115.286		
6055	106.626		
6056	81.359		
6057	166.969		
6058	123.133		
6059	84.207		
6060	143.702		
6061	71.855		
6062	141.099		
6063	65.021		
6064	91.752		
6065	30.637		
6066	65.834		
6067	63.731		
6068	121.795		
6069	80.339		
6070	155.369		
6071	107.459		
6072	152.091		
6073	145.142		
6074	90.289		
6075	44.924		
6076	51.477		
6077	80.736		
6078	46.903		
6079	95.314		
6080	86.523		
6081	58.009		
6082	110.778		
6083	96.159		
6084	101.351		
6085	36.016		
6086	119.469		
6087	50.847		
6088	162.093		
6089	111.409		
6090	30.530		
6091	110.395		
6092	31.638		
6093	220.108		
6094	154.637		
6095	18.046		
6096	22.695		
6097	27.782		
6098	20.520		
6099	72.923		
6100	58.360		
6101	23.443		
6102	49.973		
6103	35.149		
6104	42.665		
6105	81.038		
6106	17.424		
6107	85.648		
6108	58.185		
6109	118.367		
6110	94.762		
6111	144.053		
6112	164.492		
6113	81.328		
6114	69.649		
6115	112.301		
6116	116.478		
6117	120.435		
6118	131.597		
6119	43.525		
6120	49.579		
6121	101.860		
6122	171.339		
6123	188.134		
6124	111.515		
6125	101.647		
6126	82.270		
6127	144.726		
6128	129.074		
6129	111.412		
6130	77.286		
6131	85.468		
6132	178.715		
6133	80.742		
6134	183.102		
6135	31.977		
6136	58.396		
6137	71.236		
6138	86.549		
6139	117.532		
6140	92.982		
6141	94.458		
6142	120.104		
6143	47.835		
6144	98.338		
6145	139.997		
6146	51.428		
6147	144.042		
6148	136.049		
6149	185.996		
6150	64.568		
6151	95.969		
6152	104.624		
6153	121.546		
6154	93.575		
6155	120.450		
6156	97.357		
6157	120.498		
6158	100.158		
6159	48.436		
6160	83.147		
6161	85.330		
6162	72.607		
6163	131.658		
6164	22.914		
6165	52.181		
6166	109.054		
6167	59.764		
6168	150.628		
6169	237.794		
6170	74.657		
6171	76.353		
6172	52.396		
6173	91.695		
6174	127.610		
6175	60.006		
6176	112.139		
6177	112.676		
6178	129.786		
6179	84.247		
6180	61.071		
6181	117.595		
6182	98.292		
6183	103.566		
6184	204.381		
6185	73.076		
6186	148.597		
6187	47.980		
6188	91.791		
6189	34.156		
6190	59.276		
6191	81.239		
6192	131.071		
6193	58.461		
6194	141.101		
6195	122.609		
6196	116.889		
6197	59.905		
6198	105.813		
6199	126.561		
6200	160.386		
6201	105.365		
6202	93.095		
6203	169.180		
6204	208.367		
6205	118.541		
6206	50.581		
6207	107.127		
6208	124.041		
6209	147.533		
6210	93.553		
6211	88.450		
6212	67.487		
6213	78.812		
6214	81.440		
6215	80.313		
6216	51.245		
6217	83.407		
6218	124.071		
6219	71.485		
6220	96.245		
6221	117.728		
6222	77.902		
6223	91.557		
6224	62.760		
6225	110.640		
6226	86.962		
6227	99.007		
6228	113.782		
6229	254.863		
6230	91.289		
6231	101.962		
6232	49.637		
6233	47.595		
6234	82.504		
6235	70.689		
6236	63.202		
6237	63.378		
6238	88.227		
6239	55.193		
6240	59.381		
6241	28.280		
6242	56.804		
6243	45.189		
6244	39.572		
6245	26.458		
6246	59.499		
6247	46.574		
6248	14.999		
6249	36.615		
6250	30.570		
6251	87.404		
6252	65.629		
6253	47.118		
6254	32.501		
6255	83.520		
6256	109.844		
6257	37.142		
6258	64.285		
6259	70.105		
6260	53.036		
6261	18.068		
6262	42.391		
6263	32.971		
6264	70.388		
6265	38.209		
6266	149.188		
6267	82.996		
6268	78.312		
6269	89.036		
6270	23.140		
6271	36.259		
6272	56.251		
6273	18.776		
6274	74.358		
6275	35.890		
6276	71.320		
6277	40.251		
6278	8.641		
6279	14.821		
6280	112.654		
6281	67.345		
6282	121.063		
6283	147.801		
6284	51.459		
6285	72.437		
6286	52.277		
6287	17.583		
6288	136.709		
6289	123.387		
6290	130.456		
6291	177.749		
6292	113.412		
6293	43.617		
6294	88.262		
6295	88.938		
6296	111.657		
6297	44.002		
6298	86.223		
6299	101.544		
6300	57.421		
6301	31.274		
6302	99.081		
6303	125.383		
6304	35.064		
6305	125.363		
6306	62.221		
6307	14.796		
6308	103.388		
6309	110.824		
6310	95.746		
6311	57.090		
6312	114.976		
6313	82.887		
6314	80.911		
6315	75.688		
6316	43.423		
6317	99.651		
6318	27.201		
6319	68.942		
6320	76.117		
6321	155.629		
6322	64.282		
6323	79.791		
6324	57.843		
6325	63.939		
6326	48.638		
6327	60.759		
6328	48.582		
6329	62.565		
6330	53.782		
6331	68.511		
6332	88.266		
6333	79.733		
6334	71.547		
6335	134.948		
6336	98.021		
6337	60.530		
6338	97.243		
6339	161.821		
6340	102.859		
6341	85.700		
6342	151.543		
6343	99.482		
6344	110.784		
6345	66.045		
6346	82.007		
6347	40.267		
6348	127.953		
6349	37.154		
6350	145.257		
6351	145.537		
6352	62.110		
6353	73.979		
6354	130.314		
6355	109.563		
6356	77.322		
6357	17.309		
6358	70.841		
6359	47.952		
6360	128.532		
6361	29.353		
6362	83.935		
6363	12.172		
6364	237.968		
6365	50.868		
6366	70.149		
6367	71.081		
6368	63.140		
6369	81.211		
6370	100.619		
6371	139.813		
6372	112.348		
6373	149.823		
6374	100.775		
6375	133.005		
6376	16.984		
6377	16.249		
6378	51.681		
6379	92.364		
6380	40.789		
6381	13.465		
6382	81.225		
6383	80.365		
6384	89.126		
6385	138.842		
6386	66.248		
6387	109.589		
6388	70.905		
6389	163.019		
6390	100.206		
6391	111.473		
6392	91.809		
6393	66.978		
6394	168.623		
6395	34.997		
6396	16.107		
6397	17.293		
6398	13.750		
6399	47.515		
6400	11.195		
6401	108.237		
6402	80.010		
6403	46.678		
6404	11.484		
6405	46.756		
6406	12.025		
6407	120.000		
6408	58.717		
6409	73.448		
6410	67.974		
6411	79.664		
6412	80.133		
6413	44.341		
6414	53.652		
6415	42.499		
6416	61.213		
6417	49.995		
6418	82.806		
6419	91.399		
6420	152.038		
6421	89.654		
6422	67.677		
6423	69.328		
6424	73.345		
6425	74.320		
6426	17.544		
6427	15.086		
6428	109.181		
6429	107.880		
6430	63.757		
6431	49.770		
6432	14.967		
6433	47.762		
6434	105.936		
6435	14.312		
6436	13.776		
6437	116.207		
6438	109.774		
6439	18.460		
6440	17.446		
6441	57.669		
6442	30.179		
6443	59.067		
6444	19.048		
6445	6.655		
6446	8.150		
6447	136.461		
6448	113.525		
6449	80.836		
6450	84.712		
6451	54.318		
6452	41.516		
6453	17.988		
6454	9.628		
6455	66.223		
6456	40.903		
6457	160.088		
6458	89.445		
6459	11.375		
6460	110.344		
6461	17.911		
6462	53.119		
6463	15.211		
6464	9.615		
6465	139.832		
6466	81.752		
6467	69.001		
6468	41.455		
6469	87.109		
6470	9.147		
6471	15.605		
6472	56.812		
6473	51.796		
6474	61.611		
6475	75.702		
6476	43.465		
6477	79.238		
6478	49.294		
6479	66.561		
6480	48.014		
6481	32.132		
6482	49.748		
6483	69.392		
6484	62.340		
6485	42.716		
6486	52.327		
6487	99.016		
6488	77.589		
6489	40.280		
6490	95.795		
6491	91.396		
6492	57.091		
6493	32.679		
6494	94.123		
6495	62.435		
6496	57.071		
6497	73.327		
6498	142.365		
6499	60.194		
6500	62.445		
6501	83.228		
6502	76.895		
6503	100.884		
6504	60.143		
6505	125.226		
6506	47.724		
6507	114.353		
6508	149.625		
6509	78.798		
6510	71.980		
6511	29.168		
6512	91.956		
6513	63.824		
6514	85.630		
6515	180.129		
6516	16.122		
6517	72.760		
6518	50.817		
6519	149.368		
6520	81.642		
6521	222.180		
6522	145.251		
6523	59.522		
6524	152.633		
6525	37.148		
6526	141.961		
6527	69.808		
6528	181.766		
6529	79.453		
6530	34.146		
6531	77.137		
6532	92.986		
6533	18.613		
6534	93.530		
6535	45.312		
6536	79.215		
6537	72.197		
6538	99.884		
6539	30.320		
6540	68.993		
6541	71.001		
6542	140.302		
6543	144.113		
6544	120.421		
6545	164.190		
6546	41.800		
6547	132.856		
6548	19.016		
6549	103.013		
6550	114.422		
6551	79.566		
6552	83.196		
6553	18.620		
6554	95.798		
6555	90.871		
6556	58.008		
6557	67.309		
6558	28.168		
6559	91.811		
6560	14.078		
6561	27.897		
6562	90.463		
6563	126.213		
6564	39.573		
6565	23.578		
6566	65.231		
6567	142.171		
6568	85.559		
6569	82.012		
6570	144.635		
6571	12.512		
6572	105.822		
6573	22.594		
6574	120.430		
6575	18.222		
6576	118.843		
6577	74.328		
6578	61.969		
6579	72.252		
6580	58.596		
6581	87.429		
6582	115.128		
6583	202.411		
6584	82.723		
6585	69.301		
6586	92.858		
6587	47.613		
6588	85.757		
6589	53.909		
6590	54.162		
6591	44.972		
6592	107.834		
6593	77.200		
6594	98.938		
6595	102.113		
6596	57.923		
6597	84.610		
6598	110.739		
6599	47.580		
6600	125.727		
6601	81.094		
6602	177.352		
6603	97.876		
6604	148.905		
6605	82.575		
6606	85.237		
6607	270.390		
6608	104.049		
6609	59.868		
6610	132.491		
6611	68.887		
6612	91.987		
6613	31.938		
6614	63.755		
6615	15.911		
6616	82.473		
6617	202.679		
6618	103.381		
6619	101.540		
6620	70.570		
6621	112.989		
6622	169.062		
6623	46.208		
6624	120.639		
6625	58.232		
6626	116.419		
6627	73.307		
6628	99.539		
6629	138.294		
6630	130.568		
6631	138.398		
6632	236.509		
6633	113.441		
6634	66.702		
6635	99.176		
6636	94.085		
6637	90.678		
6638	216.395		
6639	42.652		
6640	69.640		
6641	137.755		
6642	126.112		
6643	77.714		
6644	82.467		
6645	41.265		
6646	91.667		
6647	97.682		
6648	104.645		
6649	43.094		
6650	106.890		
6651	71.724		
6652	120.124		
6653	74.835		
6654	84.531		
6655	156.575		
6656	144.373		
6657	114.262		
6658	174.796		
6659	62.402		
6660	54.943		
6661	81.348		
6662	132.304		
6663	51.353		
6664	40.335		
6665	123.820		
6666	13.326		
6667	58.339		
6668	129.583		
6669	53.996		
6670	38.449		
6671	90.697		
6672	33.258		
6673	167.686		
6674	48.794		
6675	127.086		
6676	45.834		
6677	68.073		
6678	93.289		
6679	49.465		
6680	15.505		
6681	38.454		
6682	168.906		
6683	145.045		
6684	144.325		
6685	17.037		
6686	73.571		
6687	19.478		
6688	103.699		
6689	10.295		
6690	27.180		
6691	33.876		
6692	87.330		
6693	58.393		
6694	55.636		
6695	52.564		
6696	65.959		
6697	53.155		
6698	48.979		
6699	126.061		
6700	77.418		
6701	64.087		
6702	89.636		
6703	57.400		
6704	65.583		
6705	109.618		
6706	20.178		
6707	91.401		
6708	76.536		
6709	49.961		
6710	72.865		
6711	83.591		
6712	50.240		
6713	35.838		
6714	106.136		
6715	80.824		
6716	56.396		
6717	52.161		
6718	130.390		
6719	25.929		
6720	56.364		
6721	79.823		
6722	135.167		
6723	56.374		
6724	130.691		
6725	78.481		
6726	70.401		
6727	47.301		
6728	38.871		
6729	12.515		
6730	117.300		
6731	59.120		
6732	127.962		
6733	201.820		
6734	53.115		
6735	153.598		
6736	110.400		
6737	71.226		
6738	97.473		
6739	140.980		
6740	50.844		
6741	136.936		
6742	36.061		
6743	53.615		
6744	125.431		
6745	132.055		
6746	133.815		
6747	144.169		
6748	150.993		
6749	57.415		
6750	130.640		
6751	30.384		
6752	132.037		
6753	69.261		
6754	147.448		
6755	109.881		
6756	67.648		
6757	179.002		
6758	34.364		
6759	128.441		
6760	122.586		
6761	61.507		
6762	79.927		
6763	63.828		
6764	148.478		
6765	80.337		
6766	110.335		
6767	70.177		
6768	196.305		
6769	83.530		
6770	84.810		
6771	30.027		
6772	99.879		
6773	60.465		
6774	62.586		
6775	58.125		
6776	58.997		
6777	42.267		
6778	74.659		
6779	82.188		
6780	84.134		
6781	75.035		
6782	99.381		
6783	77.737		
6784	122.840		
6785	73.958		
6786	32.147		
6787	36.289		
6788	54.720		
6789	77.707		
6790	64.572		
6791	66.944		
6792	98.120		
6793	50.004		
6794	63.076		
6795	51.144		
6796	35.964		
6797	34.057		
6798	84.765		
6799	119.695		
6800	70.808		
6801	85.071		
6802	95.892		
6803	58.385		
6804	110.415		
6805	136.410		
6806	74.077		
6807	57.737		
6808	128.507		
6809	75.456		
6810	150.931		
6811	85.520		
6812	133.999		
6813	82.329		
6814	77.971		
6815	27.022		
6816	62.319		
6817	108.371		
6818	134.260		
6819	85.785		
6820	93.152		
6821	85.255		
6822	66.273		
6823	68.923		
6824	62.948		
6825	27.216		
6826	34.059		
6827	51.069		
6828	88.832		
6829	114.801		
6830	137.907		
6831	123.068		
6832	70.463		
6833	104.985		
6834	46.185		
6835	87.063		
6836	65.472		
6837	68.420		
6838	14.830		
6839	63.749		
6840	98.481		
6841	61.261		
6842	80.960		
6843	119.955		
6844	77.151		
6845	66.622		
6846	15.514		
6847	40.788		
6848	99.027		
6849	94.025		
6850	69.619		
6851	96.429		
6852	61.714		
6853	69.737		
6854	63.886		
6855	54.926		
6856	48.063		
6857	68.518		
6858	91.434		
6859	89.973		
6860	88.227		
6861	115.310		
6862	62.777		
6863	95.160		
6864	67.996		
6865	54.893		
6866	56.171		
6867	47.495		
6868	26.385		
6869	22.339		
6870	53.637		
6871	57.593		
6872	26.506		
6873	29.291		
6874	80.613		
6875	46.139		
6876	81.871		
6877	100.760		
6878	120.308		
6879	80.006		
6880	76.167		
6881	77.908		
6882	96.608		
6883	80.651		
6884	47.618		
6885	64.575		
6886	70.474		
6887	54.851		
6888	99.711		
6889	53.515		
6890	61.576		
6891	84.270		
6892	55.086		
6893	72.903		
6894	30.934		
6895	57.274		
6896	93.509		
6897	66.415		
6898	43.526		
6899	56.837		
6900	16.594		
6901	53.226		
6902	64.145		
6903	44.757		
6904	48.461		
6905	56.223		
6906	54.191		
6907	61.089		
6908	69.454		
6909	40.394		
6910	74.234		
6911	115.200		
6912	107.658		
6913	68.450		
6914	113.749		
6915	73.557		
6916	67.063		
6917	69.625		
6918	132.826		
6919	94.229		
6920	72.466		
6921	174.207		
6922	34.145		
6923	72.589		
6924	127.893		
6925	35.757		
6926	74.842		
6927	8.840		
6928	98.002		
6929	9.329		
6930	175.718		
6931	68.639		
6932	57.831		
6933	59.881		
6934	97.599		
6935	117.507		
6936	78.022		
6937	89.115		
6938	108.836		
6939	11.808		
6940	151.403		
6941	28.286		
6942	141.414		
6943	34.523		
6944	98.201		
6945	110.100		
6946	49.948		
6947	126.304		
6948	116.817		
6949	84.609		
6950	97.438		
6951	78.754		
6952	67.822		
6953	57.724		
6954	80.461		
6955	95.921		
6956	62.968		
6957	124.627		
6958	118.978		
6959	84.678		
6960	130.643		
6961	47.411		
6962	58.303		
6963	53.954		
6964	40.757		
6965	43.365		
6966	115.396		
6967	156.603		
6968	98.135		
6969	89.929		
6970	165.125		
6971	65.144		
6972	140.948		
6973	33.204		
6974	73.782		
6975	12.057		
6976	68.727		
6977	18.725		
6978	38.348		
6979	92.787		
6980	9.179		
6981	18.667		
6982	142.127		
6983	8.994		
6984	92.335		
6985	16.662		
6986	117.132		
6987	12.106		
6988	57.867		
6989	39.155		
6990	140.776		
6991	19.342		
6992	71.448		
6993	13.308		
6994	54.474		
6995	72.382		
6996	78.474		
6997	80.547		
6998	76.287		
6999	58.833		
7000	32.789		
7001	32.774		
7002	6.464		
7003	64.593		
7004	33.991		
7005	12.097		
7006	32.713		
7007	101.553		
7008	14.986		
7009	45.317		
7010	70.740		
7011	8.418		
7012	50.511		
7013	31.137		
7014	111.127		
7015	133.536		
7016	54.268		
7017	44.966		
7018	119.052		
7019	133.132		
7020	71.042		
7021	96.218		
7022	80.370		
7023	14.470		
7024	17.948		
7025	43.741		
7026	59.609		
7027	55.068		
7028	38.263		
7029	37.169		
7030	96.936		
7031	81.189		
7032	205.692		
7033	313.161		
7034	73.670		
7035	29.008		
7036	139.204		
7037	226.488		
7038	93.851		
7039	92.435		
7040	145.295		
7041	133.689		
7042	83.259		
7043	36.723		
7044	195.329		
7045	139.184		
7046	113.707		
7047	22.529		
7048	100.390		
7049	99.235		
7050	45.500		
7051	62.506		
7052	157.575		
7053	85.077		
7054	41.733		
7055	15.334		
7056	149.058		
7057	74.360		
7058	195.756		
7059	83.688		
7060	117.010		
7061	91.385		
7062	290.876		
7063	145.952		
7064	191.056		
7065	199.518		
7066	187.059		
7067	160.243		
7068	146.123		
7069	94.537		
7070	153.797		
7071	75.325		
7072	208.410		
7073	93.326		
7074	187.849		
7075	121.743		
7076	59.778		
7077	277.105		
7078	116.329		
7079	79.820		
7080	140.896		
7081	128.111		
7082	145.460		
7083	127.140		
7084	172.048		
7085	130.841		
7086	224.523		
7087	222.653		
7088	137.574		
7089	114.585		
7090	111.283		
7091	24.609		
7092	73.559		
7093	94.633		
7094	30.490		
7095	60.644		
7096	149.858		
7097	97.376		
7098	141.052		
7099	171.583		
7100	47.510		
7101	157.397		
7102	132.731		
7103	65.102		
7104	15.469		
7105	93.289		
7106	86.823		
7107	50.932		
7108	108.575		
7109	112.616		
7110	45.940		
7111	72.532		
7112	67.986		
7113	88.494		
7114	116.595		
7115	38.265		
7116	76.667		
7117	122.604		
7118	139.140		
7119	25.709		
7120	69.392		
7121	97.680		
7122	35.456		
7123	73.763		
7124	132.214		
7125	87.717		
7126	128.172		
7127	160.311		
7128	23.515		
7129	85.231		
7130	89.139		
7131	41.721		
7132	27.180		
7133	85.436		
7134	167.178		
7135	127.476		
7136	214.069		
7137	92.168		
7138	34.927		
7139	121.063		
7140	175.565		
7141	103.143		
7142	86.910		
7143	59.115		
7144	71.357		
7145	27.599		
7146	8.586		
7147	26.940		
7148	65.564		
7149	12.779		
7150	122.250		
7151	120.310		
7152	107.013		
7153	67.354		
7154	34.716		
7155	65.815		
7156	72.004		
7157	50.826		
7158	148.121		
7159	148.010		
7160	122.336		
7161	127.761		
7162	109.573		
7163	52.172		
7164	24.310		
7165	57.532		
7166	112.457		
7167	36.246		
7168	38.938		
7169	121.188		
7170	166.540		
7171	14.689		
7172	61.128		
7173	128.046		
7174	64.498		
7175	13.873		
7176	138.594		
7177	56.566		
7178	165.368		
7179	78.778		
7180	53.446		
7181	19.213		
7182	79.962		
7183	56.093		
7184	85.743		
7185	66.892		
7186	90.730		
7187	35.959		
7188	149.186		
7189	81.148		
7190	113.470		
7191	48.433		
7192	12.041		
7193	187.350		
7194	88.007		
7195	45.601		
7196	100.639		
7197	75.275		
7198	162.399		
7199	111.491		
7200	61.433		
7201	75.049		
7202	100.698		
7203	58.711		
7204	110.879		
7205	83.662		
7206	52.394		
7207	81.096		
7208	91.958		
7209	108.587		
7210	69.573		
7211	32.330		
7212	130.835		
7213	48.576		
7214	96.063		
7215	108.466		
7216	39.801		
7217	15.677		
7218	132.827		
7219	91.293		
7220	51.775		
7221	146.629		
7222	86.488		
7223	42.082		
7224	116.218		
7225	99.026		
7226	106.735		
7227	76.133		
7228	79.194		
7229	13.891		
7230	34.868		
7231	23.401		
7232	59.725		
7233	30.215		
7234	50.209		
7235	20.966		
7236	93.141		
7237	67.239		
7238	39.682		
7239	39.491		
7240	65.386		
7241	61.080		
7242	69.698		
7243	102.108		
7244	92.619		
7245	111.111		
7246	102.131		
7247	80.387		
7248	98.751		
7249	41.073		
7250	80.513		
7251	61.062		
7252	89.059		
7253	90.628		
7254	78.979		
7255	100.273		
7256	95.597		
7257	88.534		
7258	106.438		
7259	108.230		
7260	122.785		
7261	26.388		
7262	64.443		
7263	74.774		
7264	107.625		
7265	79.298		
7266	42.623		
7267	91.458		
7268	28.706		
7269	68.289		
7270	80.100		
7271	154.772		
7272	105.484		
7273	134.849		
7274	23.771		
7275	47.525		
7276	122.541		
7277	95.125		
7278	99.045		
7279	86.889		
7280	114.649		
7281	40.325		
7282	73.999		
7283	45.094		
7284	49.954		
7285	51.612		
7286	106.500		
7287	40.037		
7288	47.041		
7289	107.681		
7290	98.647		
7291	84.693		
7292	53.762		
7293	73.827		
7294	89.622		
7295	64.120		
7296	100.663		
7297	102.012		
7298	83.016		
7299	86.768		
7300	47.634		
7301	87.410		
7302	75.586		
7303	44.657		
7304	70.126		
7305	62.220		
7306	24.061		
7307	86.050		
7308	107.529		
7309	47.911		
7310	29.632		
7311	19.548		
7312	52.887		
7313	65.025		
7314	37.288		
7315	100.717		
7316	74.619		
7317	83.946		
7318	58.464		
7319	114.377		
7320	119.509		
7321	111.660		
7322	77.565		
7323	95.152		
7324	75.788		
7325	111.836		
7326	126.373		
7327	33.813		
7328	44.008		
7329	42.267		
7330	58.950		
7331	38.169		
7332	175.417		
7333	79.592		
7334	137.398		
7335	102.848		
7336	134.523		
7337	95.327		
7338	31.101		
7339	134.848		
7340	65.809		
7341	89.663		
7342	86.114		
7343	105.561		
7344	77.219		
7345	48.785		
7346	64.449		
7347	82.002		
7348	73.314		
7349	96.365		
7350	36.726		
7351	91.218		
7352	109.308		
7353	39.616		
7354	67.918		
7355	63.376		
7356	58.236		
7357	49.068		
7358	64.510		
7359	59.337		
7360	55.464		
7361	123.455		
7362	34.655		
7363	50.830		
7364	88.458		
7365	94.645		
7366	48.562		
7367	66.601		
7368	70.372		
7369	36.677		
7370	69.065		
7371	70.740		
7372	64.253		
7373	72.401		
7374	56.605		
7375	115.383		
7376	46.995		
7377	90.828		
7378	51.189		
7379	72.795		
7380	30.248		
7381	52.149		
7382	78.531		
7383	141.062		
7384	54.628		
7385	71.716		
7386	75.293		
7387	36.401		
7388	69.136		
7389	56.234		
7390	89.927		
7391	33.668		
7392	85.384		
7393	71.945		
7394	76.818		
7395	19.103		
7396	30.489		
7397	85.636		
7398	60.866		
7399	74.426		
7400	97.095		
7401	82.098		
7402	40.851		
7403	74.741		
7404	119.795		
7405	40.004		
7406	85.275		
7407	169.395		
7408	123.973		
7409	90.007		
7410	85.174		
7411	44.812		
7412	68.556		
7413	97.671		
7414	87.491		
7415	65.489		
7416	48.407		
7417	91.622		
7418	47.310		
7419	55.083		
7420	88.639		
7421	88.754		
7422	137.024		
7423	155.680		
7424	49.682		
7425	157.250		
7426	121.821		
7427	103.950		
7428	85.452		
7429	133.257		
7430	122.183		
7431	46.579		
7432	40.940		
7433	110.790		
7434	81.105		
7435	55.604		
7436	98.679		
7437	84.022		
7438	120.033		
7439	109.068		
7440	60.447		
7441	88.554		
7442	75.579		
7443	117.817		
7444	103.792		
7445	54.294		
7446	66.968		
7447	45.214		
7448	28.498		
7449	25.978		
7450	54.682		
7451	139.712		
7452	199.723		
7453	48.820		
7454	54.827		
7455	105.529		
7456	16.332		
7457	122.253		
7458	29.183		
7459	109.160		
7460	123.476		
7461	47.556		
7462	80.130		
7463	62.026		
7464	126.204		
7465	65.368		
7466	155.831		
7467	59.974		
7468	68.468		
7469	74.088		
7470	56.109		
7471	73.316		
7472	61.048		
7473	86.998		
7474	121.832		
7475	60.728		
7476	52.878		
7477	130.536		
7478	133.546		
7479	25.429		
7480	91.297		
7481	100.115		
7482	19.901		
7483	96.280		
7484	132.401		
7485	23.050		
7486	13.453		
7487	20.298		
7488	68.641		
7489	50.678		
7490	76.564		
7491	23.251		
7492	14.253		
7493	98.332		
7494	47.969		
7495	69.758		
7496	59.369		
7497	68.248		
7498	123.037		
7499	62.023		
7500	59.113		
7501	60.843		
7502	71.951		
7503	68.442		
7504	50.040		
7505	60.800		
7506	45.252		
7507	57.733		
7508	61.936		
7509	115.371		
7510	52.185		
7511	18.443		
7512	2.522		
7513	87.647		
7514	10.220		
7515	77.630		
7516	99.809		
7517	77.347		
7518	136.707		
7519	80.250		
7520	192.337		
7521	92.095		
7522	143.128		
7523	114.677		
7524	93.847		
7525	100.084		
7526	76.648		
7527	117.182		
7528	229.242		
7529	149.186		
7530	92.795		
7531	57.768		
7532	138.144		
7533	104.439		
7534	110.024		
7535	97.799		
7536	60.389		
7537	221.164		
7538	137.304		
7539	41.822		
7540	89.776		
7541	83.419		
7542	94.339		
7543	117.343		
7544	144.099		
7545	85.704		
7546	137.497		
7547	141.961		
7548	57.764		
7549	93.642		
7550	98.088		
7551	158.554		
7552	104.332		
7553	78.536		
7554	131.287		
7555	67.943		
7556	65.828		
7557	99.975		
7558	163.797		
7559	87.509		
7560	44.953		
7561	81.714		
7562	80.303		
7563	74.249		
7564	18.881		
7565	47.263		
7566	48.717		
7567	44.930		
7568	105.023		
7569	159.115		
7570	18.883		
7571	55.528		
7572	49.517		
7573	43.558		
7574	66.708		
7575	38.017		
7576	72.943		
7577	75.837		
7578	97.957		
7579	50.007		
7580	118.638		
7581	76.232		
7582	31.903		
7583	88.127		
7584	73.928		
7585	40.613		
7586	18.039		
7587	31.211		
7588	67.984		
7589	65.092		
7590	57.617		
7591	60.314		
7592	46.835		
7593	33.670		
7594	65.645		
7595	69.852		
7596	88.562		
7597	132.684		
7598	1.943		
7599	15.765		
7600	5.972		
7601	49.658		
7602	2.125		
7603	38.629		
7604	33.160		
7605	61.415		
7606	59.462		
7607	127.439		
7608	51.336		
7609	16.393		
7610	66.188		
7611	18.535		
7612	77.775		
7613	14.385		
7614	43.078		
7615	32.896		
7616	69.871		
7617	82.583		
7618	66.926		
7619	87.376		
7620	66.530		
7621	95.353		
7622	101.762		
7623	103.847		
7624	22.275		
7625	104.014		
7626	32.140		
7627	67.214		
7628	60.388		
7629	113.077		
7630	17.985		
7631	25.923		
7632	60.596		
7633	27.907		
7634	88.419		
7635	81.262		
7636	21.564		
7637	129.219		
7638	34.211		
7639	54.336		
7640	70.907		
7641	69.295		
7642	61.300		
7643	77.211		
7644	107.551		
7645	97.573		
7646	27.167		
7647	24.563		
7648	58.734		
7649	36.101		
7650	71.910		
7651	105.287		
7652	64.156		
7653	97.152		
7654	115.585		
7655	39.415		
7656	49.280		
7657	17.139		
7658	39.387		
7659	57.109		
7660	73.924		
7661	47.753		
7662	95.735		
7663	60.586		
7664	70.418		
7665	97.022		
7666	79.337		
7667	6.315		
7668	49.911		
7669	52.782		
7670	58.240		
7671	41.624		
7672	67.554		
7673	21.971		
7674	53.049		
7675	54.438		
7676	46.299		
7677	11.210		
7678	43.244		
7679	43.504		
7680	21.176		
7681	98.081		
7682	122.730		
7683	17.957		
7684	71.333		
7685	71.166		
7686	35.147		
7687	64.263		
7688	20.141		
7689	66.788		
7690	84.228		
7691	76.665		
7692	61.741		
7693	74.327		
7694	53.825		
7695	65.616		
7696	61.505		
7697	68.205		
7698	82.522		
7699	42.639		
7700	98.402		
7701	68.878		
7702	97.320		
7703	21.357		
7704	64.064		
7705	65.244		
7706	81.057		
7707	69.327		
7708	89.358		
7709	69.419		
7710	34.756		
7711	12.196		
7712	28.066		
7713	64.905		
7714	57.128		
7715	73.883		
7716	48.429		
7717	9.230		
7718	11.684		
7719	41.165		
7720	34.841		
7721	21.584		
7722	48.266		
7723	32.542		
7724	30.165		
7725	22.051		
7726	73.939		
7727	27.709		
7728	40.689		
7729	34.428		
7730	40.505		
7731	61.694		
7732	156.935		
7733	103.460		
7734	84.337		
7735	81.215		
7736	80.959		
7737	78.620		
7738	21.313		
7739	25.629		
7740	29.013		
7741	82.639		
7742	41.245		
7743	52.418		
7744	34.670		
7745	94.954		
7746	24.099		
7747	79.372		
7748	41.959		
7749	25.120		
7750	28.198		
7751	146.201		
7752	38.673		
7753	89.834		
7754	26.164		
7755	119.291		
7756	59.624		
7757	45.340		
7758	76.770		
7759	46.959		
7760	155.239		
7761	5.986		
7762	33.418		
7763	4.268		
7764	43.278		
7765	2.203		
7766	40.485		
7767	43.793		
7768	22.946		
7769	26.731		
7770	76.594		
7771	60.026		
7772	61.782		
7773	49.035		
7774	21.187		
7775	27.115		
7776	13.304		
7777	34.083		
7778	38.695		
7779	31.923		
7780	52.581		
7781	13.974		
7782	5.497		
7783	36.371		
7784	13.731		
7785	77.831		
7786	36.742		
7787	8.733		
7788	76.716		
7789	49.726		
7790	86.329		
7791	48.069		
7792	90.122		
7793	59.361		
7794	39.210		
7795	75.055		
7796	35.182		
7797	90.445		
7798	74.287		
7799	44.732		
7800	56.914		
7801	75.003		
7802	59.649		
7803	47.256		
7804	96.064		
7805	141.551		
7806	42.713		
7807	58.281		
7808	25.733		
7809	33.999		
7810	60.716		
7811	79.801		
7812	69.609		
7813	80.098		
7814	75.591		
7815	48.066		
7816	53.596		
7817	65.819		
7818	80.180		
7819	57.016		
7820	71.691		
7821	56.852		
7822	51.571		
7823	38.338		
7824	44.168		
7825	42.615		
7826	140.762		
7827	44.294		
7828	70.604		
7829	101.041		
7830	57.047		
7831	15.169		
7832	11.935		
7833	17.578		
7834	39.475		
7835	40.014		
7836	80.268		
7837	16.827		
7838	106.412		
7839	69.221		
7840	46.043		
7841	49.022		
7842	87.522		
7843	156.023		
7844	99.839		
7845	85.396		
7846	28.363		
7847	124.708		
7848	104.931		
7849	68.901		
7850	99.545		
7851	54.892		
7852	28.472		
7853	89.646		
7854	31.150		
7855	60.361		
7856	93.235		
7857	48.212		
7858	52.975		
7859	42.987		
7860	51.410		
7861	29.736		
7862	28.226		
7863	38.219		
7864	38.275		
7865	38.149		
7866	37.379		
7867	24.701		
7868	67.956		
7869	74.336		
7870	89.668		
7871	57.756		
7872	56.182		
7873	55.134		
7874	67.540		
7875	49.595		
7876	58.654		
7877	72.330		
7878	70.939		
7879	86.050		
7880	29.132		
7881	40.539		
7882	32.453		
7883	42.751		
7884	42.844		
7885	50.959		
7886	60.215		
7887	79.612		
7888	75.650		
7889	66.906		
7890	71.821		
7891	44.721		
7892	59.378		
7893	56.327		
7894	140.086		
7895	53.850		
7896	30.771		
7897	23.235		
7898	31.258		
7899	20.531		
7900	34.006		
7901	35.722		
7902	10.560		
7903	21.603		
7904	69.378		
7905	53.157		
7906	74.755		
7907	54.891		
7908	45.981		
7909	54.652		
7910	53.241		
7911	19.818		
7912	83.876		
7913	112.494		
7914	152.683		
7915	88.272		
7916	72.265		
7917	25.060		
7918	136.291		
7919	54.862		
7920	41.778		
7921	39.638		
7922	127.470		
7923	74.536		
7924	48.332		
7925	5.795		
7926	61.707		
7927	10.237		
7928	68.044		
7929	10.442		
7930	31.481		
7931	75.585		
7932	1.820		
7933	11.661		
7934	59.048		
7935	3.656		
7936	84.871		
7937	9.440		
7938	30.777		
7939	6.429		
7940	68.691		
7941	8.441		
7942	44.327		
7943	93.267		
7944	36.240		
7945	84.043		
7946	111.569		
7947	51.064		
7948	44.943		
7949	35.583		
7950	67.917		
7951	68.122		
7952	0.000		
7953	0.000		
7954	0.000		
7955	0.001		
7956	0.000		
7957	0.000		
7958	0.000		
7959	0.000		
7960	0.000		
7961	0.000		
7962	0.000		
7963	0.000		
7964	0.000		
7965	0.000		
7966	0.000		
7967	0.000		
7968	91.576		
7969	0.000		
7970	0.000		
7971	0.000		
7972	0.000		
7973	0.000		
7974	0.000		
7975	0.000		
7976	0.000		
7977	0.000		
7978	0.000		
7979	0.000		
7980	0.000		
7981	0.000		
7982	0.000		
7983	0.000		
7984	0.000		
7985	0.000		
7986	0.000		
7987	0.000		
7988	0.000		
7989	0.000		
7990	0.000		
7991	0.000		
7992	0.000		
7993	0.000		
7994	0.000		
7995	0.000		
7996	0.000		
7997	0.000		
7998	0.000		
7999	0.000		
8000	0.000		
8001	0.000		
8002	0.000		
8003	0.000		
8004	0.000		
8005	0.000		
8006	0.000		
8007	0.000		
8008	0.000		
8009	0.000		
8010	0.000		
8011	0.000		
8012	0.000		
8013	0.000		
8014	0.000		
8015	0.000		
8016	0.000		
8017	0.000		
8018	0.000		
8019	0.000		
8020	0.000		
8021	0.000		
8022	0.000		
8023	0.000		
8024	0.000		
8025	0.000		
8026	0.000		
8027	0.000		
8028	0.000		
8029	0.000		
8030	0.000		
