# p31mv_majority: settled base states, one per line.
# base_state<TAB>seconds<TAB>base_mask<TAB>break -- every one RESULT UNSAT (no witness).
# host p31_minus1v.bits, base {0 1 2 3 12}, base_states 8031.
# This file IS the record: done/ is resumption state and untracked.
# Written by sweep_snapshot.sh; rebuild done/ with sweep_rehydrate.sh p31mv_majority.
0	14.799	947	0 2
1	28.796	947	0 2
2	15.331	947	0 2
3	52.922	947	0 2
4	36.183	947	0 2
5	26.301	947	0 2
6	73.206	947	0 2
7	52.360	947	0 2
8	67.988	947	0 2
9	44.848	947	0 2
10	38.727	947	0 2
11	79.149	947	0 2
12	20.367	947	0 2
13	24.564	947	0 2
14	10.238	947	0 2
15	91.543	947	0 2
16	54.702	947	0 2
17	36.918	947	0 2
18	122.226	947	0 2
19	56.181	947	0 2
20	44.166	947	
21	119.577	947	0 2
22	119.004	947	0 2
23	94.664	947	0 2
24	71.051	947	0 2
25	38.761	947	0 2
26	72.912	947	0 2
27	32.784	947	0 2
28	95.140	947	0 2
29	81.339	947	0 2
30	88.923	947	0 2
31	38.352	947	
32	105.421	947	0 2
33	76.401	947	0 2
34	64.922	947	0 2
35	100.435	947	0 2
36	93.776	947	0 2
37	113.352	947	0 2
38	91.585	947	0 2
39	69.367	947	
40	126.946	947	0 2
41	88.625	947	0 2
42	1186.191	947	
43	12.337	947	0 2
44	83.457	947	0 2
45	44.366	947	0 2
46	64.542	947	
47	62.061	947	0 2
48	71.466	947	0 2
49	86.847	947	0 2
50	34.021	947	0 2
51	36.865	947	0 2
52	83.922	947	0 2
53	121.276	947	0 2
54	120.968	947	0 2
55	59.318	947	0 2
56	129.397	947	0 2
57	72.762	947	0 2
58	26.314	947	0 2
59	76.480	947	0 2
60	61.568	947	0 2
61	112.313	947	0 2
62	101.817	947	0 2
63	83.646	947	0 2
64	87.801	947	0 2
65	68.983	947	0 2
66	41.529	947	0 2
67	28.075	947	0 2
68	86.390	947	
69	66.535	947	0 2
70	39.125	947	0 2
71	88.534	947	0 2
72	109.091	947	0 2
73	85.081	947	0 2
74	152.797	947	0 2
75	60.451	947	0 2
76	106.602	947	0 2
77	30.107	947	0 2
78	81.531	947	0 2
79	72.185	947	0 2
80	123.399	947	0 2
81	129.032	947	0 2
82	66.872	947	0 2
83	25.228	947	0 2
84	51.704	947	0 2
85	54.719	947	0 2
86	23.584	947	0 2
87	86.168	947	0 2
88	56.408	947	0 2
89	39.700	947	0 2
90	78.650	947	0 2
91	53.828	947	0 2
92	66.325	947	0 2
93	94.767	947	
94	56.019	947	0 2
95	144.679	947	0 2
96	208.394	947	0 2
97	105.162	947	0 2
98	171.992	947	0 2
99	201.433	947	0 2
100	77.959	947	0 2
101	142.718	947	0 2
102	183.131	947	0 2
103	113.822	947	0 2
104	172.723	947	0 2
105	77.983	947	0 2
106	149.802	947	0 2
107	154.559	947	0 2
108	115.459	947	0 2
109	204.114	947	0 2
110	224.365	947	0 2
111	151.085	947	0 2
112	184.426	947	0 2
113	62.863	947	0 2
114	143.025	947	0 2
115	114.008	947	0 2
116	86.605	947	0 2
117	89.957	947	0 2
118	145.653	947	0 2
119	9.170	947	0 2
120	106.878	947	0 2
121	111.282	947	0 2
122	137.465	947	0 2
123	165.983	947	0 2
124	127.275	947	0 2
125	187.536	947	0 2
126	125.069	947	0 2
127	210.457	947	0 2
128	183.599	947	0 2
129	122.526	947	0 2
130	124.524	947	
131	67.053	947	0 2
132	81.082	947	0 2
133	79.074	947	0 2
134	44.724	947	0 2
135	149.902	947	0 2
136	168.743	947	0 2
137	115.071	947	0 2
138	205.498	947	0 2
139	73.113	947	
140	15.587	947	0 2
141	105.063	947	0 2
142	97.037	947	0 2
143	112.613	947	0 2
144	77.015	947	0 2
145	88.739	947	0 2
146	146.156	947	0 2
147	126.095	947	0 2
148	112.878	947	0 2
149	208.569	947	
150	150.864	947	0 2
151	21.083	947	0 2
152	111.606	947	0 2
153	14.484	947	0 2
154	58.684	947	0 2
155	108.929	947	0 2
156	13.166	947	0 2
157	78.153	947	0 2
158	126.469	947	0 2
159	56.773	947	0 2
160	47.142	947	0 2
161	62.110	947	0 2
162	24.766	947	0 2
163	70.736	947	0 2
164	218.486	947	0 2
165	122.359	947	0 2
166	89.022	947	0 2
167	71.206	947	0 2
168	108.604	947	0 2
169	8.556	947	0 2
170	98.293	947	0 2
171	98.002	947	0 2
172	100.110	947	0 2
173	160.812	947	0 2
174	127.847	947	0 2
175	165.061	947	0 2
176	112.444	947	0 2
177	207.861	947	0 2
178	158.946	947	0 2
179	134.354	947	0 2
180	65.189	947	0 2
181	131.772	947	0 2
182	107.081	947	0 2
183	78.171	947	0 2
184	122.823	947	0 2
185	78.512	947	0 2
186	138.071	947	0 2
187	178.438	947	0 2
188	169.454	947	0 2
189	181.129	947	0 2
190	71.224	947	0 2
191	137.194	947	0 2
192	101.836	947	0 2
193	35.856	947	0 2
194	87.677	947	0 2
195	71.381	947	0 2
196	97.567	947	0 2
197	101.743	947	0 2
198	58.529	947	0 2
199	182.624	947	0 2
200	209.827	947	0 2
201	113.356	947	0 2
202	100.653	947	0 2
203	14.617	947	0 2
204	155.530	947	0 2
205	174.744	947	0 2
206	139.814	947	0 2
207	27.154	947	0 2
208	56.777	947	0 2
209	177.333	947	0 2
210	41.455	947	0 2
211	57.468	947	0 2
212	40.131	947	0 2
213	91.372	947	0 2
214	100.849	947	0 2
215	98.766	947	0 2
216	166.460	947	0 2
217	159.277	947	0 2
218	169.950	947	0 2
219	61.697	947	
220	21.594	947	0 2
221	106.306	947	0 2
222	91.276	947	0 2
223	128.096	947	0 2
224	67.465	947	0 2
225	113.541	947	0 2
226	151.059	947	0 2
227	134.262	947	0 2
228	94.154	947	0 2
229	195.311	947	0 2
230	134.042	947	0 2
231	30.025	947	0 2
232	104.895	947	0 2
233	76.346	947	0 2
234	155.379	947	0 2
235	200.294	947	0 2
236	53.911	947	0 2
237	92.630	947	0 2
238	137.739	947	0 2
239	92.528	947	0 2
240	153.075	947	0 2
241	194.008	947	0 2
242	141.929	947	0 2
243	111.968	947	0 2
244	91.149	947	0 2
245	128.920	947	0 2
246	100.166	947	0 2
247	44.315	947	0 2
248	48.766	947	0 2
249	131.914	947	0 2
250	86.942	947	0 2
251	207.097	947	0 2
252	211.006	947	0 2
253	117.578	947	0 2
254	19.180	947	0 2
255	161.470	947	0 2
256	184.610	947	0 2
257	137.507	947	0 2
258	75.074	947	0 2
259	48.694	947	0 2
260	222.541	947	0 2
261	104.142	947	
262	95.885	947	0 2
263	102.726	947	0 2
264	102.439	947	0 2
265	139.233	947	
266	159.209	947	
267	163.041	947	0 2
268	211.395	947	0 2
269	167.372	947	0 2
270	113.658	947	0 2
271	148.216	947	0 2
272	226.173	947	0 2
273	85.008	947	0 2
274	94.188	947	0 2
275	105.782	947	0 2
276	76.057	947	0 2
277	89.882	947	0 2
278	123.088	947	0 2
279	70.203	947	0 2
280	179.715	947	0 2
281	145.503	947	0 2
282	139.668	947	0 2
283	116.518	947	0 2
284	125.395	947	
285	135.237	947	0 2
286	198.959	947	0 2
287	140.793	947	0 2
288	87.235	947	0 2
289	88.948	947	0 2
290	87.855	947	0 2
291	135.734	947	0 2
292	104.890	947	0 2
293	110.974	947	0 2
294	52.707	947	0 2
295	41.948	947	0 2
296	159.350	947	0 2
297	106.579	947	0 2
298	60.350	947	0 2
299	169.541	947	0 2
300	46.822	947	0 2
301	102.158	947	
302	156.168	947	0 2
303	156.878	947	0 2
304	133.851	947	0 2
305	100.306	947	0 2
306	163.421	947	0 2
307	163.348	947	0 2
308	110.389	947	0 2
309	102.387	947	0 2
310	135.884	947	
311	111.874	947	0 2
312	58.284	947	0 2
313	128.303	947	0 2
314	179.678	947	0 2
315	161.632	947	0 2
316	91.615	947	0 2
317	150.214	947	0 2
318	222.665	947	0 2
319	85.293	947	0 2
320	149.776	947	0 2
321	157.928	947	0 2
322	96.254	947	0 2
323	136.302	947	0 2
324	142.511	947	0 2
325	213.546	947	
326	187.878	947	0 2
327	116.636	947	0 2
328	100.224	947	0 2
329	119.671	947	0 2
330	212.026	947	0 2
331	174.765	947	0 2
332	218.981	947	0 2
333	337.445	947	0 2
334	156.495	947	0 2
335	171.162	947	0 2
336	105.255	947	0 2
337	89.501	947	0 2
338	206.664	947	
339	151.242	947	0 2
340	136.170	947	0 2
341	179.438	947	0 2
342	120.606	947	0 2
343	154.701	947	0 2
344	42.906	947	0 2
345	86.368	947	
346	74.054	947	0 2
347	47.637	947	0 2
348	153.168	947	0 2
349	86.936	947	0 2
350	198.639	947	0 2
351	35.608	947	0 2
352	126.780	947	0 2
353	71.791	947	0 2
354	110.120	947	0 2
355	207.276	947	0 2
356	230.558	947	0 2
357	131.951	947	0 2
358	223.820	947	0 2
359	84.511	947	0 2
360	108.381	947	0 2
361	258.455	947	0 2
362	163.807	947	0 2
363	202.072	947	0 2
364	233.283	947	0 2
365	303.327	947	0 2
366	176.713	947	0 2
367	32.361	947	0 2
368	36.986	947	0 2
369	59.561	947	0 2
370	72.246	947	0 2
371	69.099	947	0 2
372	114.059	947	0 2
373	69.267	947	0 2
374	60.557	947	0 2
375	84.340	947	0 2
376	100.577	947	0 2
377	146.247	947	0 2
378	51.520	947	0 2
379	156.259	947	0 2
380	126.537	947	0 2
381	32.001	947	0 2
382	95.668	947	0 2
383	125.349	947	0 2
384	195.735	947	0 2
385	172.926	947	0 2
386	199.978	947	0 2
387	115.102	947	0 2
388	91.279	947	0 2
389	60.591	947	0 2
390	63.402	947	0 2
391	153.887	947	0 2
392	146.602	947	0 2
393	107.555	947	0 2
394	152.343	947	0 2
395	102.278	947	0 2
396	95.373	947	0 2
397	146.561	947	0 2
398	158.765	947	0 2
399	178.518	947	0 2
400	62.167	947	0 2
401	79.813	947	0 2
402	181.990	947	0 2
403	223.866	947	0 2
404	116.748	947	0 2
405	151.057	947	
406	188.795	947	0 2
407	198.689	947	0 2
408	263.312	947	0 2
409	214.543	947	0 2
410	201.759	947	0 2
411	144.011	947	0 2
412	104.606	947	0 2
413	53.111	947	0 2
414	179.398	947	0 2
415	265.137	947	0 2
416	237.292	947	0 2
417	259.624	947	0 2
418	231.124	947	0 2
419	145.514	947	0 2
420	124.911	947	
421	121.043	947	0 2
422	166.819	947	0 2
423	183.293	947	
424	86.196	947	0 2
425	157.368	947	0 2
426	185.880	947	0 2
427	40.180	947	
428	191.128	947	0 2
429	116.677	947	0 2
430	201.510	947	0 2
431	166.607	947	0 2
432	130.082	947	0 2
433	166.698	947	0 2
434	104.636	947	0 2
435	126.165	947	0 2
436	64.964	947	0 2
437	110.223	947	0 2
438	233.730	947	0 2
439	174.846	947	0 2
440	56.638	947	0 2
441	181.411	947	0 2
442	110.073	947	
443	65.047	947	0 2
444	209.909	947	0 2
445	128.896	947	0 2
446	88.743	947	0 2
447	192.223	947	
448	138.686	947	0 2
449	250.550	947	0 2
450	10.000	947	0 2
451	30.476	947	0 2
452	35.557	947	0 2
453	31.317	947	0 2
454	59.292	947	0 2
455	25.858	947	0 2
456	79.545	947	
457	45.157	947	0 2
458	33.744	947	0 2
459	77.798	947	0 2
460	37.138	947	0 2
461	26.074	947	0 2
462	60.776	947	0 2
463	115.751	947	0 2
464	74.106	947	0 2
465	129.865	947	0 2
466	46.507	947	0 2
467	140.941	947	0 2
468	29.084	947	
469	44.791	947	0 2
470	66.773	947	
471	129.455	947	0 2
472	65.184	947	0 2
473	69.752	947	0 2
474	42.503	947	0 2
475	39.741	947	0 2
476	87.273	947	0 2
477	46.314	947	0 2
478	94.803	947	0 2
479	67.557	947	0 2
480	50.927	947	0 2
481	69.878	947	0 2
482	79.810	947	0 2
483	86.581	947	0 2
484	73.467	947	0 2
485	78.875	947	0 2
486	97.451	947	0 2
487	126.931	947	0 2
488	47.496	947	0 2
489	100.340	947	0 2
490	90.472	947	0 2
491	69.165	947	0 2
492	111.889	947	0 2
493	88.646	947	0 2
494	108.693	947	0 2
495	128.437	947	0 2
496	118.696	947	0 2
497	149.312	947	0 2
498	119.563	947	0 2
499	139.966	947	0 2
500	132.068	947	0 2
501	234.375	947	0 2
502	130.297	947	0 2
503	150.948	947	0 2
504	118.724	947	0 2
505	54.160	947	
506	79.734	947	0 2
507	68.444	947	0 2
508	113.765	947	
509	150.958	947	0 2
510	103.360	947	0 2
511	76.542	947	
512	67.638	947	0 2
513	125.672	947	0 2
514	156.771	947	0 2
515	99.417	947	0 2
516	83.912	947	0 2
517	144.404	947	0 2
518	163.651	947	0 2
519	157.365	947	0 2
520	29.736	947	0 2
521	58.507	947	0 2
522	110.076	947	0 2
523	114.100	947	0 2
524	139.220	947	0 2
525	55.576	947	0 2
526	173.838	947	0 2
527	135.165	947	0 2
528	92.279	947	0 2
529	137.629	947	0 2
530	73.998	947	0 2
531	89.467	947	0 2
532	93.522	947	0 2
533	164.847	947	0 2
534	105.354	947	0 2
535	117.431	947	0 2
536	181.031	947	0 2
537	53.800	947	0 2
538	127.737	947	0 2
539	131.592	947	0 2
540	100.923	947	0 2
541	179.447	947	0 2
542	184.104	947	0 2
543	80.962	947	0 2
544	125.247	947	0 2
545	106.025	947	0 2
546	128.557	947	0 2
547	231.362	947	0 2
548	169.742	947	0 2
549	84.452	947	0 2
550	195.830	947	0 2
551	210.297	947	0 2
552	124.406	947	0 2
553	168.728	947	0 2
554	84.700	947	0 2
555	111.880	947	0 2
556	172.136	947	0 2
557	181.113	947	0 2
558	156.674	947	0 2
559	131.967	947	0 2
560	246.035	947	0 2
561	187.036	947	0 2
562	133.106	947	0 2
563	157.783	947	0 2
564	120.220	947	0 2
565	122.460	947	0 2
566	145.580	947	0 2
567	149.361	947	0 2
568	205.243	947	0 2
569	196.782	947	0 2
570	203.488	947	0 2
571	101.890	947	0 2
572	178.059	947	0 2
573	215.779	947	0 2
574	205.062	947	0 2
575	96.465	947	0 2
576	122.937	947	0 2
577	119.581	947	0 2
578	35.540	947	0 2
579	126.472	947	0 2
580	120.188	947	0 2
581	69.080	947	0 2
582	148.732	947	0 2
583	151.758	947	0 2
584	67.633	947	0 2
585	121.831	947	0 2
586	90.276	947	0 2
587	185.635	947	0 2
588	196.657	947	0 2
589	107.780	947	0 2
590	208.468	947	0 2
591	192.113	947	0 2
592	156.476	947	0 2
593	232.389	947	0 2
594	190.659	947	0 2
595	306.287	947	0 2
596	164.769	947	0 2
597	223.300	947	0 2
598	135.479	947	
599	292.935	947	0 2
600	41.902	947	0 2
601	51.422	947	0 2
602	41.608	947	0 2
603	96.579	947	0 2
604	151.171	947	0 2
605	104.062	947	0 2
606	193.822	947	0 2
607	78.064	947	0 2
608	158.919	947	0 2
609	88.801	947	0 2
610	143.372	947	0 2
611	255.145	947	0 2
612	302.205	947	0 2
613	28.831	947	0 2
614	129.094	947	0 2
615	185.512	947	0 2
616	98.705	947	0 2
617	93.990	947	0 2
618	160.913	947	0 2
619	185.572	947	0 2
620	229.117	947	
621	77.698	947	0 2
622	209.556	947	0 2
623	138.028	947	0 2
624	60.456	947	0 2
625	58.210	947	0 2
626	173.732	947	0 2
627	98.885	947	0 2
628	104.276	947	0 2
629	100.837	947	0 2
630	49.700	947	0 2
631	93.012	947	0 2
632	183.741	947	0 2
633	103.782	947	0 2
634	225.134	947	0 2
635	178.963	947	0 2
636	101.127	947	0 2
637	149.937	947	0 2
638	62.225	947	0 2
639	290.313	947	0 2
640	180.099	947	0 2
641	172.361	947	
642	89.564	947	0 2
643	171.823	947	0 2
644	181.597	947	0 2
645	191.828	947	0 2
646	164.009	947	0 2
647	113.149	947	0 2
648	170.489	947	0 2
649	80.170	947	0 2
650	232.812	947	0 2
651	160.148	947	0 2
652	210.630	947	0 2
653	247.886	947	0 2
654	131.150	947	
655	136.719	947	
656	231.933	947	0 2
657	353.811	947	0 2
658	273.001	947	0 2
659	131.591	947	0 2
660	139.146	947	0 2
661	52.522	947	0 2
662	63.720	947	0 2
663	123.308	947	
664	151.857	947	0 2
665	20.809	947	0 2
666	69.270	947	0 2
667	121.198	947	0 2
668	31.180	947	0 2
669	113.581	947	0 2
670	224.736	947	0 2
671	75.008	947	0 2
672	139.126	947	0 2
673	106.425	947	0 2
674	39.567	947	0 2
675	58.554	947	0 2
676	195.539	947	0 2
677	126.534	947	0 2
678	246.846	947	0 2
679	172.168	947	0 2
680	153.026	947	0 2
681	107.611	947	0 2
682	86.432	947	0 2
683	118.776	947	0 2
684	72.990	947	0 2
685	217.895	947	
686	161.724	947	0 2
687	86.881	947	0 2
688	96.585	947	0 2
689	158.976	947	0 2
690	119.878	947	0 2
691	181.841	947	0 2
692	208.320	947	0 2
693	172.642	947	0 2
694	116.088	947	0 2
695	232.502	947	0 2
696	116.903	947	0 2
697	199.378	947	0 2
698	203.401	947	0 2
699	102.365	947	0 2
700	136.693	947	0 2
701	205.219	947	0 2
702	260.943	947	0 2
703	170.624	947	0 2
704	163.400	947	0 2
705	276.361	947	0 2
706	254.905	947	0 2
707	82.491	947	0 2
708	70.222	947	0 2
709	113.436	947	0 2
710	201.314	947	0 2
711	151.073	947	0 2
712	92.879	947	0 2
713	70.655	947	0 2
714	72.753	947	0 2
715	122.043	947	0 2
716	33.133	947	0 2
717	62.535	947	0 2
718	21.813	947	0 2
719	81.647	947	0 2
720	87.620	947	0 2
721	79.485	947	
722	93.358	947	0 2
723	22.147	947	0 2
724	21.029	947	0 2
725	72.949	947	0 2
726	69.600	947	0 2
727	72.662	947	0 2
728	151.783	947	0 2
729	50.153	947	0 2
730	92.135	947	0 2
731	42.111	947	0 2
732	68.589	947	0 2
733	76.786	947	0 2
734	61.841	947	0 2
735	78.621	947	
736	103.073	947	0 2
737	80.091	947	0 2
738	12.407	947	0 2
739	86.498	947	0 2
740	17.351	947	0 2
741	87.860	947	0 2
742	71.925	947	0 2
743	66.458	947	0 2
744	171.790	947	0 2
745	99.616	947	0 2
746	95.121	947	0 2
747	76.612	947	0 2
748	131.208	947	
749	138.783	947	
750	24.510	947	0 2
751	161.058	947	0 2
752	54.778	947	
753	71.485	947	0 2
754	102.501	947	0 2
755	77.800	947	0 2
756	128.636	947	0 2
757	145.329	947	0 2
758	104.410	947	0 2
759	65.273	947	0 2
760	125.067	947	
761	119.257	947	0 2
762	201.133	947	0 2
763	37.662	947	0 2
764	174.238	947	0 2
765	101.806	947	0 2
766	129.033	947	0 2
767	189.815	947	0 2
768	51.756	947	0 2
769	154.670	947	0 2
770	84.870	947	0 2
771	138.718	947	0 2
772	79.602	947	0 2
773	139.918	947	0 2
774	145.421	947	0 2
775	76.828	947	0 2
776	109.387	947	
777	208.625	947	0 2
778	117.636	947	0 2
779	176.864	947	0 2
780	146.114	947	0 2
781	190.763	947	0 2
782	153.502	947	
783	37.844	947	0 2
784	40.916	947	0 2
785	141.141	947	0 2
786	84.045	947	0 2
787	165.348	947	0 2
788	53.182	947	0 2
789	135.247	947	0 2
790	58.711	947	0 2
791	53.758	947	0 2
792	113.597	947	0 2
793	102.014	947	0 2
794	112.850	947	0 2
795	46.811	947	0 2
796	59.095	947	0 2
797	162.476	947	0 2
798	58.835	947	0 2
799	48.036	947	0 2
800	110.850	947	0 2
801	151.395	947	
802	84.737	947	0 2
803	113.234	947	0 2
804	64.180	947	0 2
805	87.494	947	0 2
806	31.520	947	0 2
807	72.459	947	0 2
808	51.091	947	
809	109.503	947	0 2
810	194.212	947	0 2
811	73.256	947	0 2
812	84.727	947	0 2
813	134.823	947	0 2
814	157.477	947	0 2
815	34.552	947	0 2
816	51.985	947	0 2
817	197.167	947	0 2
818	24.834	947	0 2
819	100.113	947	0 2
820	198.526	947	0 2
821	124.374	947	0 2
822	75.779	947	0 2
823	108.017	947	0 2
824	73.320	947	0 2
825	145.164	947	0 2
826	74.004	947	0 2
827	242.314	947	0 2
828	207.202	947	0 2
829	142.400	947	0 2
830	64.732	947	0 2
831	177.996	947	0 2
832	112.513	947	0 2
833	17.981	947	0 2
834	34.055	947	0 2
835	51.363	947	0 2
836	84.493	947	0 2
837	100.550	947	0 2
838	75.832	947	0 2
839	87.104	947	0 2
840	36.004	947	
841	47.308	947	0 2
842	106.671	947	0 2
843	104.738	947	0 2
844	45.971	947	0 2
845	150.818	947	0 2
846	113.204	947	0 2
847	152.059	947	0 2
848	189.664	947	0 2
849	47.250	947	0 2
850	77.782	947	0 2
851	126.440	947	0 2
852	151.832	947	0 2
853	163.664	947	0 2
854	103.430	947	0 2
855	196.018	947	0 2
856	40.268	947	0 2
857	59.349	947	0 2
858	146.130	947	0 2
859	113.758	947	0 2
860	77.324	947	0 2
861	166.531	947	0 2
862	104.056	947	0 2
863	130.408	947	0 2
864	24.969	947	0 2
865	54.083	947	0 2
866	149.961	947	0 2
867	71.218	947	0 2
868	66.766	947	0 2
869	53.243	947	0 2
870	1217.829	947	
871	83.501	947	0 2
872	82.874	947	0 2
873	184.124	947	0 2
874	64.479	947	0 2
875	79.631	947	0 2
876	170.222	947	0 2
877	107.991	947	0 2
878	134.452	947	0 2
879	218.940	947	0 2
880	70.789	947	0 2
881	120.391	947	0 2
882	198.765	947	0 2
883	51.951	947	0 2
884	146.597	947	0 2
885	110.553	947	0 2
886	8.175	947	0 2
887	90.957	947	0 2
888	50.066	947	
889	16.492	947	0 2
890	65.266	947	
891	58.315	947	0 2
892	68.851	947	0 2
893	22.956	947	0 2
894	14.575	947	0 2
895	125.581	947	0 2
896	23.068	947	0 2
897	16.582	947	
898	87.644	947	0 2
899	120.392	947	0 2
900	23.510	947	0 2
901	72.956	947	0 2
902	51.031	947	0 2
903	56.711	947	0 2
904	20.987	947	0 2
905	138.936	947	0 2
906	108.102	947	0 2
907	22.872	947	0 2
908	165.007	947	0 2
909	70.319	947	0 2
910	15.086	947	0 2
911	101.567	947	0 2
912	114.207	947	0 2
913	35.672	947	0 2
914	85.025	947	0 2
915	70.429	947	0 2
916	134.193	947	0 2
917	54.277	947	0 2
918	25.378	947	0 2
919	124.577	947	0 2
920	30.313	947	0 2
921	190.203	947	0 2
922	78.837	947	0 2
923	77.403	947	0 2
924	54.243	947	0 2
925	151.033	947	0 2
926	147.855	947	0 2
927	101.808	947	0 2
928	157.319	947	0 2
929	76.158	947	
930	147.661	947	0 2
931	178.371	947	0 2
932	178.543	947	0 2
933	89.409	947	0 2
934	96.547	947	0 2
935	80.497	947	0 2
936	24.115	947	0 2
937	41.123	947	0 2
938	48.528	947	0 2
939	61.131	947	0 2
940	41.525	947	0 2
941	86.259	947	0 2
942	31.730	947	0 2
943	32.686	947	0 2
944	64.414	947	0 2
945	102.678	947	0 2
946	72.314	947	0 2
947	39.070	947	0 2
948	81.964	947	0 2
949	78.160	947	0 2
950	36.197	947	0 2
951	62.132	947	0 2
952	73.406	947	0 2
953	99.843	947	0 2
954	75.694	947	
955	91.810	947	0 2
956	82.717	947	0 2
957	60.146	947	0 2
958	66.500	947	0 2
959	66.684	947	0 2
960	148.985	947	
961	62.507	947	0 2
962	129.224	947	0 2
963	106.901	947	0 2
964	107.144	947	0 2
965	65.713	947	0 2
966	129.062	947	0 2
967	114.337	947	0 2
968	156.387	947	0 2
969	150.228	947	0 2
970	138.468	947	0 2
971	104.805	947	0 2
972	86.485	947	0 2
973	152.660	947	
974	69.794	947	0 2
975	134.912	947	0 2
976	154.651	947	0 2
977	215.008	947	0 2
978	136.824	947	0 2
979	42.997	947	0 2
980	49.429	947	0 2
981	100.991	947	0 2
982	62.509	947	0 2
983	99.129	947	0 2
984	110.517	947	0 2
985	64.782	947	0 2
986	64.494	947	0 2
987	59.162	947	0 2
988	120.805	947	0 2
989	81.324	947	0 2
990	72.768	947	0 2
991	68.838	947	0 2
992	44.539	947	0 2
993	116.338	947	0 2
994	138.387	947	
995	71.529	947	0 2
996	136.915	947	0 2
997	81.269	947	0 2
998	43.977	947	0 2
999	114.498	947	0 2
1000	111.594	947	0 2
1001	51.360	947	0 2
1002	62.356	947	
1003	110.981	947	0 2
1004	40.430	947	0 2
1005	63.764	947	0 2
1006	106.536	947	0 2
1007	122.876	947	0 2
1008	19.040	947	0 2
1009	46.186	947	0 2
1010	92.111	947	
1011	35.139	947	
1012	77.078	947	0 2
1013	130.570	947	0 2
1014	49.403	947	0 2
1015	109.173	947	0 2
1016	100.309	947	0 2
1017	36.471	947	0 2
1018	44.817	947	0 2
1019	154.430	947	0 2
1020	56.825	947	0 2
1021	63.880	947	0 2
1022	86.007	947	0 2
1023	131.050	947	0 2
1024	75.100	947	0 2
1025	98.043	947	0 2
1026	59.610	947	0 2
1027	91.139	947	0 2
1028	100.885	947	0 2
1029	54.065	947	0 2
1030	82.462	947	0 2
1031	86.782	947	0 2
1032	115.193	947	0 2
1033	128.943	947	0 2
1034	138.414	947	0 2
1035	119.672	947	0 2
1036	163.019	947	0 2
1037	104.835	947	0 2
1038	155.203	947	0 2
1039	215.170	947	0 2
1040	151.247	947	0 2
1041	259.859	947	0 2
1042	106.442	947	0 2
1043	109.980	947	0 2
1044	70.426	947	0 2
1045	105.706	947	0 2
1046	58.856	947	0 2
1047	38.485	947	0 2
1048	52.822	947	0 2
1049	134.312	947	
1050	14.146	947	0 2
1051	22.557	947	0 2
1052	45.961	947	0 2
1053	41.087	947	0 2
1054	131.865	947	0 2
1055	84.991	947	
1056	46.819	947	0 2
1057	132.387	947	0 2
1058	80.842	947	0 2
1059	122.989	947	0 2
1060	36.299	947	0 2
1061	49.528	947	0 2
1062	19.080	947	0 2
1063	79.132	947	0 2
1064	69.691	947	0 2
1065	84.723	947	0 2
1066	67.096	947	0 2
1067	93.864	947	0 2
1068	71.806	947	0 2
1069	47.874	947	0 2
1070	112.141	947	0 2
1071	95.900	947	0 2
1072	152.452	947	0 2
1073	122.298	947	0 2
1074	96.998	947	0 2
1075	37.582	947	0 2
1076	29.267	947	0 2
1077	77.515	947	0 2
1078	58.800	947	0 2
1079	70.380	947	0 2
1080	98.518	947	0 2
1081	70.693	947	0 2
1082	182.509	947	0 2
1083	103.065	947	0 2
1084	98.046	947	0 2
1085	108.569	947	0 2
1086	28.685	947	0 2
1087	122.108	947	
1088	133.688	947	0 2
1089	121.518	947	0 2
1090	64.629	947	0 2
1091	62.542	947	0 2
1092	142.842	947	
1093	69.542	947	0 2
1094	81.109	947	0 2
1095	86.870	947	0 2
1096	84.400	947	0 2
1097	159.344	947	0 2
1098	169.396	947	0 2
1099	72.482	947	0 2
1100	127.120	947	0 2
1101	143.827	947	0 2
1102	203.482	947	0 2
1103	211.273	947	0 2
1104	227.943	947	0 2
1105	18.008	947	0 2
1106	116.432	947	0 2
1107	23.218	947	0 2
1108	79.591	947	0 2
1109	101.517	947	0 2
1110	34.758	947	0 2
1111	85.704	947	0 2
1112	22.178	947	0 2
1113	47.597	947	0 2
1114	62.548	947	0 2
1115	135.367	947	0 2
1116	113.204	947	0 2
1117	107.022	947	0 2
1118	54.377	947	0 2
1119	94.753	947	0 2
1120	64.544	947	0 2
1121	131.859	947	0 2
1122	142.613	947	0 2
1123	164.635	947	0 2
1124	57.449	947	0 2
1125	76.633	947	0 2
1126	75.050	947	0 2
1127	91.467	947	0 2
1128	37.081	947	0 2
1129	78.998	947	0 2
1130	56.575	947	0 2
1131	86.748	947	0 2
1132	135.258	947	0 2
1133	117.019	947	0 2
1134	163.492	947	0 2
1135	149.122	947	0 2
1136	143.007	947	0 2
1137	221.465	947	
1138	52.415	947	0 2
1139	64.940	947	0 2
1140	107.144	947	0 2
1141	92.264	947	0 2
1142	115.244	947	0 2
1143	21.709	947	0 2
1144	31.687	947	0 2
1145	44.193	947	0 2
1146	33.147	947	0 2
1147	101.871	947	0 2
1148	56.851	947	0 2
1149	92.126	947	0 2
1150	42.331	947	0 2
1151	32.275	947	0 2
1152	50.926	947	0 2
1153	58.701	947	0 2
1154	111.541	947	0 2
1155	54.517	947	0 2
1156	71.528	947	0 2
1157	151.308	947	0 2
1158	57.818	947	0 2
1159	94.365	947	0 2
1160	5.994	947	0 2
1161	83.280	947	0 2
1162	61.533	947	0 2
1163	8.948	947	0 2
1164	59.638	947	0 2
1165	84.827	947	0 2
1166	117.230	947	0 2
1167	135.015	947	0 2
1168	203.123	947	0 2
1169	175.697	947	0 2
1170	24.059	947	0 2
1171	32.025	947	0 2
1172	70.409	947	
1173	111.132	947	0 2
1174	85.803	947	0 2
1175	67.402	947	0 2
1176	69.749	947	0 2
1177	56.655	947	0 2
1178	179.518	947	0 2
1179	98.613	947	0 2
1180	66.044	947	0 2
1181	162.903	947	0 2
1182	83.299	947	0 2
1183	137.018	947	0 2
1184	159.276	947	0 2
1185	66.867	947	0 2
1186	40.595	947	0 2
1187	55.686	947	0 2
1188	122.471	947	0 2
1189	16.252	947	0 2
1190	25.303	947	0 2
1191	61.818	947	0 2
1192	48.984	947	0 2
1193	102.890	947	0 2
1194	65.610	947	0 2
1195	46.881	947	0 2
1196	138.382	947	0 2
1197	90.514	947	0 2
1198	123.136	947	0 2
1199	45.083	947	0 2
1200	67.482	947	0 2
1201	28.592	947	0 2
1202	98.234	947	0 2
1203	69.548	947	0 2
1204	108.659	947	0 2
1205	104.192	947	0 2
1206	120.902	947	0 2
1207	50.563	947	0 2
1208	74.415	947	0 2
1209	110.087	947	0 2
1210	73.353	947	0 2
1211	146.441	947	0 2
1212	112.828	947	0 2
1213	113.939	947	0 2
1214	36.489	947	0 2
1215	31.202	947	0 2
1216	66.402	947	0 2
1217	72.274	947	0 2
1218	72.622	947	0 2
1219	8.520	947	0 2
1220	25.844	947	0 2
1221	27.998	947	0 2
1222	41.533	947	0 2
1223	39.857	947	0 2
1224	60.027	947	0 2
1225	49.086	947	0 2
1226	75.494	947	0 2
1227	112.384	947	0 2
1228	14.494	947	0 2
1229	25.184	947	0 2
1230	6.905	947	0 2
1231	16.140	947	0 2
1232	75.432	947	0 2
1233	44.679	947	0 2
1234	45.768	947	0 2
1235	74.007	947	0 2
1236	49.520	947	0 2
1237	63.270	947	0 2
1238	77.996	947	0 2
1239	9.034	947	0 2
1240	8.246	947	0 2
1241	60.639	947	0 2
1242	58.630	947	0 2
1243	87.277	947	0 2
1244	61.986	947	0 2
1245	22.836	947	0 2
1246	70.314	947	0 2
1247	73.673	947	0 2
1248	87.137	947	0 2
1249	9.799	947	0 2
1250	49.213	947	0 2
1251	14.100	947	0 2
1252	19.838	947	0 2
1253	27.265	947	0 2
1254	61.207	947	0 2
1255	97.802	947	0 2
1256	26.482	947	0 2
1257	24.477	947	0 2
1258	54.627	947	0 2
1259	23.722	947	0 2
1260	48.878	947	0 2
1261	82.515	947	0 2
1262	107.651	947	0 2
1263	48.192	947	0 2
1264	22.932	947	0 2
1265	17.189	947	0 2
1266	45.935	947	0 2
1267	21.022	947	0 2
1268	29.791	947	0 2
1269	22.910	947	0 2
1270	65.550	947	0 2
1271	95.774	947	0 2
1272	73.629	947	0 2
1273	145.860	947	0 2
1274	55.933	947	0 2
1275	1201.336	947	
1276	67.874	947	0 2
1277	49.150	947	0 2
1278	90.344	947	0 2
1279	68.076	947	0 2
1280	91.480	947	0 2
1281	51.309	947	0 2
1282	14.659	947	0 2
1283	53.105	947	0 2
1284	99.382	947	0 2
1285	69.268	947	0 2
1286	36.941	947	0 2
1287	79.978	947	0 2
1288	198.053	947	
1289	86.510	947	0 2
1290	175.938	947	
1291	57.073	947	0 2
1292	68.625	947	0 2
1293	116.515	947	0 2
1294	71.965	947	0 2
1295	89.330	947	0 2
1296	103.898	947	0 2
1297	94.460	947	0 2
1298	20.521	947	0 2
1299	123.397	947	
1300	125.374	947	0 2
1301	24.103	947	0 2
1302	64.443	947	0 2
1303	43.153	947	0 2
1304	57.422	947	0 2
1305	52.796	947	0 2
1306	19.439	947	0 2
1307	43.233	947	0 2
1308	102.679	947	
1309	14.175	947	0 2
1310	97.884	947	0 2
1311	75.928	947	0 2
1312	64.582	947	0 2
1313	38.269	947	0 2
1314	43.401	947	0 2
1315	93.986	947	0 2
1316	270.844	947	
1317	186.795	947	0 2
1318	207.240	947	0 2
1319	99.882	947	0 2
1320	176.739	947	0 2
1321	66.654	947	0 2
1322	111.379	947	0 2
1323	18.182	947	0 2
1324	91.621	947	0 2
1325	21.992	947	0 2
1326	62.921	947	0 2
1327	60.903	947	0 2
1328	50.486	947	0 2
1329	8.875	947	0 2
1330	71.649	947	0 2
1331	11.112	947	
1332	63.372	947	
1333	79.377	947	
1334	41.083	947	0 2
1335	37.960	947	0 2
1336	116.046	947	0 2
1337	250.980	947	0 2
1338	124.757	947	0 2
1339	35.377	947	0 2
1340	82.176	947	0 2
1341	25.411	947	0 2
1342	52.691	947	0 2
1343	51.734	947	0 2
1344	121.971	947	0 2
1345	113.539	947	0 2
1346	103.608	947	0 2
1347	54.485	947	
1348	100.087	947	0 2
1349	51.425	947	0 2
1350	41.623	947	
1351	81.377	947	0 2
1352	120.777	947	0 2
1353	89.193	947	0 2
1354	11.005	947	0 2
1355	40.303	947	0 2
1356	7.017	947	0 2
1357	13.454	947	0 2
1358	20.993	947	0 2
1359	88.899	947	0 2
1360	46.174	947	0 2
1361	84.706	947	0 2
1362	15.404	947	0 2
1363	53.022	947	0 2
1364	26.155	947	0 2
1365	59.255	947	0 2
1366	108.819	947	0 2
1367	52.765	947	0 2
1368	21.848	947	0 2
1369	94.486	947	0 2
1370	57.017	947	0 2
1371	117.695	947	0 2
1372	127.536	947	0 2
1373	58.885	947	0 2
1374	70.842	947	0 2
1375	79.488	947	0 2
1376	119.926	947	0 2
1377	35.953	947	0 2
1378	83.948	947	0 2
1379	8.882	947	0 2
1380	25.288	947	0 2
1381	81.188	947	0 2
1382	61.660	947	0 2
1383	130.861	947	0 2
1384	44.419	947	0 2
1385	49.047	947	0 2
1386	58.865	947	0 2
1387	46.378	947	0 2
1388	22.156	947	0 2
1389	28.821	947	0 2
1390	56.387	947	0 2
1391	85.837	947	0 2
1392	73.149	947	0 2
1393	97.374	947	0 2
1394	69.768	947	0 2
1395	49.534	947	0 2
1396	50.440	947	0 2
1397	81.908	947	0 2
1398	49.351	947	0 2
1399	167.545	947	
1400	56.874	947	0 2
1401	76.398	947	0 2
1402	120.174	947	0 2
1403	39.845	947	0 2
1404	64.506	947	0 2
1405	7.827	947	0 2
1406	10.182	947	0 2
1407	14.802	947	0 2
1408	21.709	947	0 2
1409	37.874	947	0 2
1410	15.411	947	0 2
1411	53.562	947	0 2
1412	22.303	947	0 2
1413	12.022	947	0 2
1414	31.591	947	0 2
1415	28.364	947	0 2
1416	75.003	947	0 2
1417	26.949	947	0 2
1418	70.176	947	0 2
1419	51.150	947	0 2
1420	51.896	947	0 2
1421	24.262	947	0 2
1422	78.310	947	0 2
1423	135.408	947	0 2
1424	88.841	947	0 2
1425	32.005	947	0 2
1426	77.112	947	0 2
1427	113.742	947	0 2
1428	63.107	947	0 2
1429	110.949	947	0 2
1430	53.882	947	0 2
1431	123.308	947	0 2
1432	47.429	947	0 2
1433	18.500	947	0 2
1434	15.064	947	0 2
1435	55.826	947	0 2
1436	29.896	947	0 2
1437	41.657	947	0 2
1438	45.128	947	0 2
1439	33.644	947	0 2
1440	48.261	947	0 2
1441	57.136	947	0 2
1442	72.539	947	0 2
1443	87.899	947	0 2
1444	52.179	947	0 2
1445	39.188	947	0 2
1446	76.969	947	0 2
1447	120.210	947	0 2
1448	87.081	947	0 2
1449	53.911	947	0 2
1450	34.673	947	0 2
1451	44.314	947	0 2
1452	54.445	947	0 2
1453	103.310	947	0 2
1454	124.274	947	0 2
1455	83.834	947	0 2
1456	174.780	947	0 2
1457	143.022	947	0 2
1458	97.480	947	0 2
1459	112.325	947	0 2
1460	103.780	947	0 2
1461	65.642	947	0 2
1462	49.012	947	0 2
1463	109.873	947	0 2
1464	127.432	947	0 2
1465	107.851	947	0 2
1466	113.199	947	0 2
1467	150.143	947	0 2
1468	67.829	947	0 2
1469	125.208	947	0 2
1470	148.539	947	0 2
1471	210.670	947	0 2
1472	217.611	947	
1473	125.743	947	0 2
1474	146.078	947	0 2
1475	75.075	947	0 2
1476	99.322	947	0 2
1477	21.384	947	0 2
1478	33.713	947	0 2
1479	35.942	947	0 2
1480	7.749	947	0 2
1481	70.688	947	0 2
1482	12.006	947	0 2
1483	86.721	947	0 2
1484	25.957	947	0 2
1485	15.008	947	0 2
1486	26.426	947	0 2
1487	32.697	947	0 2
1488	19.332	947	0 2
1489	43.685	947	0 2
1490	30.141	947	0 2
1491	45.371	947	0 2
1492	64.665	947	0 2
1493	64.212	947	0 2
1494	65.155	947	0 2
1495	57.415	947	0 2
1496	76.412	947	0 2
1497	151.653	947	
1498	78.878	947	0 2
1499	128.886	947	0 2
1500	88.925	947	0 2
1501	80.145	947	0 2
1502	49.723	947	
1503	40.323	947	0 2
1504	37.913	947	0 2
1505	46.667	947	0 2
1506	91.906	947	0 2
1507	38.755	947	0 2
1508	64.471	947	0 2
1509	23.595	947	0 2
1510	30.460	947	0 2
1511	71.424	947	0 2
1512	21.720	947	0 2
1513	73.535	947	0 2
1514	58.811	947	0 2
1515	46.774	947	0 2
1516	167.976	947	0 2
1517	34.306	947	0 2
1518	87.710	947	0 2
1519	5.817	947	0 2
1520	90.595	947	0 2
1521	65.609	947	0 2
1522	8.622	947	0 2
1523	64.092	947	0 2
1524	78.010	947	0 2
1525	191.423	947	0 2
1526	193.304	947	0 2
1527	252.696	947	0 2
1528	161.324	947	0 2
1529	189.633	947	0 2
1530	100.802	947	0 2
1531	180.147	947	0 2
1532	212.613	947	0 2
1533	108.573	947	0 2
1534	220.818	947	
1535	125.384	947	0 2
1536	49.489	947	0 2
1537	103.673	947	0 2
1538	87.282	947	0 2
1539	158.604	947	
1540	169.649	947	0 2
1541	199.878	947	0 2
1542	211.791	947	0 2
1543	99.118	947	0 2
1544	104.276	947	0 2
1545	168.661	947	0 2
1546	164.914	947	0 2
1547	66.607	947	0 2
1548	108.586	947	0 2
1549	89.477	947	0 2
1550	126.668	947	0 2
1551	36.535	947	0 2
1552	83.506	947	0 2
1553	64.733	947	0 2
1554	132.865	947	0 2
1555	107.425	947	0 2
1556	120.187	947	0 2
1557	146.091	947	0 2
1558	152.545	947	0 2
1559	162.090	947	0 2
1560	168.688	947	0 2
1561	21.370	947	0 2
1562	127.446	947	none
1563	44.882	947	0 2
1564	99.972	947	0 2
1565	121.585	947	0 2
1566	57.662	947	0 2
1567	69.408	947	0 2
1568	82.760	947	0 2
1569	120.070	947	0 2
1570	32.289	947	0 2
1571	72.462	947	0 2
1572	9.885	947	0 2
1573	26.763	947	0 2
1574	79.657	947	0 2
1575	67.238	947	0 2
1576	133.544	947	0 2
1577	72.706	947	0 2
1578	57.592	947	0 2
1579	75.478	947	0 2
1580	60.394	947	0 2
1581	20.648	947	0 2
1582	28.030	947	0 2
1583	51.458	947	0 2
1584	137.694	947	0 2
1585	65.134	947	0 2
1586	91.878	947	0 2
1587	66.265	947	0 2
1588	59.143	947	0 2
1589	54.963	947	0 2
1590	85.686	947	0 2
1591	42.884	947	0 2
1592	146.557	947	0 2
1593	102.682	947	0 2
1594	106.794	947	0 2
1595	174.847	947	0 2
1596	60.748	947	0 2
1597	88.025	947	0 2
1598	52.112	947	0 2
1599	39.983	947	0 2
1600	87.667	947	0 2
1601	58.105	947	0 2
1602	134.003	947	0 2
1603	80.265	947	0 2
1604	148.506	947	0 2
1605	95.917	947	
1606	91.564	947	0 2
1607	1244.755	947	
1608	21.940	947	0 2
1609	125.760	947	0 2
1610	43.307	947	0 2
1611	70.682	947	0 2
1612	41.489	947	0 2
1613	100.696	947	0 2
1614	88.902	947	0 2
1615	25.235	947	0 2
1616	93.238	947	0 2
1617	48.324	947	0 2
1618	11.284	947	0 2
1619	77.609	947	0 2
1620	108.156	947	0 2
1621	57.551	947	0 2
1622	165.369	947	0 2
1623	97.358	947	0 2
1624	18.640	947	0 2
1625	62.051	947	0 2
1626	80.271	947	
1627	93.800	947	0 2
1628	50.572	947	0 2
1629	36.869	947	0 2
1630	58.484	947	0 2
1631	41.291	947	0 2
1632	103.800	947	0 2
1633	69.760	947	0 2
1634	97.432	947	0 2
1635	68.569	947	0 2
1636	101.242	947	0 2
1637	43.172	947	0 2
1638	61.345	947	0 2
1639	206.518	947	0 2
1640	192.797	947	0 2
1641	55.613	947	0 2
1642	79.824	947	0 2
1643	119.045	947	0 2
1644	114.859	947	0 2
1645	172.393	947	0 2
1646	95.121	947	0 2
1647	149.588	947	0 2
1648	62.061	947	0 2
1649	38.524	947	0 2
1650	138.543	947	
1651	59.620	947	0 2
1652	14.181	947	0 2
1653	95.028	947	0 2
1654	18.280	947	0 2
1655	94.873	947	0 2
1656	30.932	947	0 2
1657	68.848	947	0 2
1658	106.385	947	0 2
1659	87.501	947	0 2
1660	85.145	947	0 2
1661	116.802	947	0 2
1662	107.123	947	0 2
1663	168.353	947	0 2
1664	33.633	947	0 2
1665	61.834	947	0 2
1666	42.322	947	0 2
1667	83.167	947	0 2
1668	134.075	947	
1669	44.709	947	0 2
1670	127.575	947	0 2
1671	9.782	947	0 2
1672	83.371	947	0 2
1673	63.820	947	0 2
1674	9.393	947	0 2
1675	20.421	947	0 2
1676	43.394	947	0 2
1677	51.983	947	0 2
1678	27.459	947	0 2
1679	40.011	947	0 2
1680	52.649	947	0 2
1681	34.884	947	0 2
1682	76.595	947	0 2
1683	125.231	947	0 2
1684	80.753	947	0 2
1685	139.607	947	
1686	230.928	947	0 2
1687	92.050	947	0 2
1688	157.583	947	0 2
1689	41.854	947	0 2
1690	32.326	947	0 2
1691	102.303	947	0 2
1692	247.845	947	0 2
1693	134.854	947	0 2
1694	30.536	947	
1695	77.279	947	0 2
1696	77.477	947	0 2
1697	144.978	947	0 2
1698	111.623	947	0 2
1699	61.739	947	0 2
1700	91.803	947	0 2
1701	15.809	947	0 2
1702	51.980	947	0 2
1703	43.216	947	0 2
1704	17.442	947	0 2
1705	30.804	947	0 2
1706	73.482	947	0 2
1707	147.972	947	0 2
1708	34.294	947	0 2
1709	61.923	947	0 2
1710	75.082	947	0 2
1711	52.766	947	0 2
1712	30.762	947	0 2
1713	147.365	947	0 2
1714	206.000	947	0 2
1715	80.615	947	0 2
1716	71.338	947	0 2
1717	107.621	947	0 2
1718	115.489	947	0 2
1719	148.637	947	0 2
1720	167.558	947	0 2
1721	56.294	947	0 2
1722	124.578	947	0 2
1723	66.227	947	0 2
1724	30.715	947	0 2
1725	80.573	947	0 2
1726	88.338	947	0 2
1727	35.105	947	0 2
1728	53.689	947	0 2
1729	51.435	947	0 2
1730	30.701	947	0 2
1731	41.240	947	0 2
1732	54.323	947	0 2
1733	93.817	947	0 2
1734	60.641	947	0 2
1735	65.972	947	0 2
1736	60.835	947	0 2
1737	70.921	947	0 2
1738	70.580	947	0 2
1739	64.512	947	0 2
1740	51.731	947	0 2
1741	146.029	947	0 2
1742	173.226	947	0 2
1743	39.897	947	0 2
1744	94.661	947	0 2
1745	121.377	947	0 2
1746	79.293	947	0 2
1747	167.694	947	0 2
1748	106.072	947	0 2
1749	119.794	947	0 2
1750	108.378	947	0 2
1751	131.092	947	0 2
1752	78.023	947	0 2
1753	100.429	947	0 2
1754	144.743	947	0 2
1755	98.813	947	0 2
1756	128.264	947	0 2
1757	175.980	947	0 2
1758	254.553	947	0 2
1759	71.261	947	0 2
1760	130.514	947	
1761	171.310	947	0 2
1762	331.848	947	
1763	149.251	947	0 2
1764	92.158	947	0 2
1765	129.735	947	0 2
1766	97.511	947	0 2
1767	84.374	947	0 2
1768	83.430	947	0 2
1769	188.449	947	0 2
1770	67.204	947	0 2
1771	143.404	947	0 2
1772	56.359	947	0 2
1773	56.766	947	0 2
1774	137.767	947	0 2
1775	148.428	947	0 2
1776	124.505	947	0 2
1777	146.664	947	
1778	71.893	947	0 2
1779	89.425	947	0 2
1780	167.363	947	0 2
1781	120.624	947	0 2
1782	116.029	947	0 2
1783	199.749	947	0 2
1784	290.964	947	0 2
1785	143.138	947	0 2
1786	80.197	947	
1787	172.247	947	
1788	105.206	947	0 2
1789	54.749	947	0 2
1790	67.185	947	0 2
1791	104.918	947	0 2
1792	92.338	947	
1793	186.490	947	0 2
1794	147.707	947	0 2
1795	240.723	947	0 2
1796	154.453	947	0 2
1797	107.588	947	0 2
1798	293.126	947	0 2
1799	134.492	947	0 2
1800	136.465	947	0 2
1801	131.514	947	0 2
1802	80.024	947	0 2
1803	60.884	947	0 2
1804	116.283	947	0 2
1805	257.152	947	0 2
1806	126.153	947	0 2
1807	338.767	947	0 2
1808	181.777	947	0 2
1809	160.534	947	0 2
1810	182.240	947	0 2
1811	41.835	947	0 2
1812	124.566	947	0 2
1813	87.583	947	0 2
1814	35.357	947	0 2
1815	45.979	947	0 2
1816	97.238	947	0 2
1817	177.353	947	0 2
1818	95.347	947	
1819	87.410	947	0 2
1820	88.077	947	0 2
1821	90.994	947	0 2
1822	47.404	947	0 2
1823	145.619	947	0 2
1824	265.611	947	0 2
1825	201.229	947	0 2
1826	103.370	947	0 2
1827	144.138	947	0 2
1828	148.815	947	0 2
1829	182.922	947	0 2
1830	233.518	947	0 2
1831	91.419	947	0 2
1832	174.935	947	0 2
1833	76.699	947	0 2
1834	79.644	947	0 2
1835	63.576	947	0 2
1836	111.629	947	0 2
1837	105.717	947	0 2
1838	107.798	947	0 2
1839	120.817	947	0 2
1840	28.795	947	0 2
1841	52.586	947	0 2
1842	53.610	947	0 2
1843	55.608	947	0 2
1844	112.117	947	0 2
1845	119.154	947	0 2
1846	95.066	947	0 2
1847	75.027	947	0 2
1848	8.446	947	0 2
1849	14.422	947	0 2
1850	105.260	947	0 2
1851	61.425	947	0 2
1852	33.811	947	0 2
1853	82.925	947	0 2
1854	75.393	947	0 2
1855	19.506	947	0 2
1856	110.431	947	0 2
1857	99.891	947	0 2
1858	33.695	947	0 2
1859	61.822	947	0 2
1860	191.178	947	0 2
1861	86.739	947	0 2
1862	68.647	947	0 2
1863	49.106	947	0 2
1864	32.444	947	0 2
1865	61.118	947	0 2
1866	119.622	947	0 2
1867	87.876	947	0 2
1868	16.480	947	0 2
1869	32.070	947	0 2
1870	109.784	947	0 2
1871	92.838	947	0 2
1872	138.613	947	0 2
1873	42.541	947	
1874	55.081	947	0 2
1875	12.161	947	0 2
1876	109.053	947	0 2
1877	46.957	947	0 2
1878	82.585	947	0 2
1879	110.116	947	0 2
1880	87.271	947	0 2
1881	130.073	947	0 2
1882	86.156	947	0 2
1883	51.469	947	0 2
1884	22.806	947	0 2
1885	106.175	947	0 2
1886	29.682	947	0 2
1887	127.915	947	0 2
1888	60.719	947	0 2
1889	98.719	947	0 2
1890	70.465	947	0 2
1891	17.962	947	0 2
1892	116.594	947	0 2
1893	40.845	947	0 2
1894	47.263	947	0 2
1895	19.817	947	0 2
1896	23.743	947	0 2
1897	77.787	947	0 2
1898	26.737	947	
1899	78.614	947	0 2
1900	71.496	947	0 2
1901	57.160	947	0 2
1902	87.216	947	0 2
1903	62.868	947	0 2
1904	47.662	947	0 2
1905	60.074	947	0 2
1906	135.891	947	0 2
1907	51.570	947	0 2
1908	65.324	947	0 2
1909	106.059	947	0 2
1910	145.804	947	0 2
1911	97.447	947	0 2
1912	50.439	947	0 2
1913	67.408	947	0 2
1914	75.200	947	0 2
1915	109.253	947	0 2
1916	109.157	947	0 2
1917	148.793	947	0 2
1918	62.831	947	0 2
1919	127.236	947	0 2
1920	182.715	947	0 2
1921	169.555	947	0 2
1922	77.933	947	0 2
1923	66.733	947	0 2
1924	157.998	947	0 2
1925	67.327	947	0 2
1926	171.875	947	0 2
1927	186.146	947	0 2
1928	155.543	947	0 2
1929	58.188	947	0 2
1930	67.310	947	0 2
1931	66.822	947	0 2
1932	48.001	947	0 2
1933	49.392	947	0 2
1934	104.907	947	0 2
1935	55.280	947	0 2
1936	156.079	947	0 2
1937	103.343	947	0 2
1938	131.380	947	0 2
1939	81.474	947	0 2
1940	144.952	947	0 2
1941	132.583	947	0 2
1942	158.637	947	0 2
1943	128.059	947	0 2
1944	128.488	947	0 2
1945	122.516	947	0 2
1946	117.060	947	0 2
1947	153.847	947	0 2
1948	205.502	947	0 2
1949	29.117	947	0 2
1950	74.508	947	0 2
1951	49.267	947	0 2
1952	56.446	947	0 2
1953	97.038	947	0 2
1954	24.010	947	0 2
1955	168.103	947	0 2
1956	48.317	947	0 2
1957	49.933	947	0 2
1958	83.835	947	0 2
1959	62.802	947	0 2
1960	136.437	947	0 2
1961	95.067	947	0 2
1962	90.532	947	0 2
1963	30.464	947	0 2
1964	56.404	947	0 2
1965	127.384	947	0 2
1966	25.975	947	0 2
1967	74.222	947	0 2
1968	82.780	947	0 2
1969	37.151	947	0 2
1970	151.066	947	0 2
1971	55.774	947	0 2
1972	151.209	947	0 2
1973	71.949	947	0 2
1974	97.171	947	0 2
1975	141.562	947	0 2
1976	114.743	947	0 2
1977	63.945	947	0 2
1978	87.328	947	0 2
1979	105.731	947	0 2
1980	58.624	947	0 2
1981	156.398	947	0 2
1982	141.392	947	
1983	98.437	947	0 2
1984	51.812	947	0 2
1985	103.987	947	0 2
1986	142.425	947	0 2
1987	87.562	947	0 2
1988	12.859	947	0 2
1989	51.156	947	
1990	151.795	947	0 2
1991	82.041	947	0 2
1992	71.647	947	0 2
1993	128.739	947	0 2
1994	87.011	947	0 2
1995	104.138	947	0 2
1996	120.974	947	0 2
1997	25.219	947	0 2
1998	137.007	947	0 2
1999	50.900	947	0 2
2000	62.734	947	0 2
2001	53.392	947	0 2
2002	84.780	947	0 2
2003	137.582	947	0 2
2004	56.725	947	0 2
2005	99.393	947	0 2
2006	113.903	947	0 2
2007	70.550	947	0 2
2008	106.080	947	0 2
2009	64.723	947	0 2
2010	9.676	947	
2011	15.856	947	0 2
2012	42.497	947	0 2
2013	19.910	947	0 2
2014	79.097	947	0 2
2015	92.300	947	0 2
2016	69.063	947	0 2
2017	93.127	947	0 2
2018	133.617	947	0 2
2019	104.402	947	0 2
2020	99.122	947	0 2
2021	106.862	947	0 2
2022	187.396	947	0 2
2023	173.424	947	0 2
2024	39.343	947	0 2
2025	67.542	947	0 2
2026	195.170	947	0 2
2027	81.334	947	0 2
2028	52.396	947	0 2
2029	75.178	947	0 2
2030	131.243	947	0 2
2031	192.494	947	
2032	102.117	947	0 2
2033	124.713	947	0 2
2034	78.025	947	0 2
2035	127.801	947	0 2
2036	183.714	947	0 2
2037	72.007	947	0 2
2038	51.037	947	0 2
2039	121.643	947	0 2
2040	104.997	947	0 2
2041	42.824	947	0 2
2042	115.457	947	0 2
2043	94.105	947	0 2
2044	103.529	947	0 2
2045	151.150	947	0 2
2046	162.549	947	0 2
2047	116.751	947	0 2
2048	110.381	947	0 2
2049	253.880	947	0 2
2050	163.822	947	0 2
2051	201.125	947	0 2
2052	83.231	947	0 2
2053	83.072	947	0 2
2054	117.181	947	0 2
2055	214.416	947	0 2
2056	181.996	947	0 2
2057	124.238	947	0 2
2058	113.208	947	0 2
2059	201.050	947	0 2
2060	237.221	947	0 2
2061	170.239	947	0 2
2062	158.236	947	0 2
2063	98.203	947	0 2
2064	59.331	947	0 2
2065	142.694	947	0 2
2066	96.598	947	0 2
2067	63.197	947	0 2
2068	54.355	947	0 2
2069	112.321	947	0 2
2070	95.893	947	
2071	19.620	947	0 2
2072	94.956	947	0 2
2073	86.260	947	0 2
2074	90.224	947	
2075	63.060	947	0 2
2076	99.289	947	0 2
2077	71.466	947	0 2
2078	67.756	947	0 2
2079	35.239	947	0 2
2080	188.318	947	0 2
2081	130.618	947	0 2
2082	104.718	947	0 2
2083	99.635	947	0 2
2084	81.355	947	0 2
2085	39.931	947	0 2
2086	38.274	947	0 2
2087	59.001	947	0 2
2088	121.173	947	0 2
2089	58.509	947	0 2
2090	94.364	947	0 2
2091	79.128	947	0 2
2092	110.408	947	0 2
2093	146.388	947	0 2
2094	77.808	947	0 2
2095	28.655	947	0 2
2096	28.823	947	0 2
2097	55.473	947	0 2
2098	123.997	947	0 2
2099	134.578	947	0 2
2100	78.474	947	0 2
2101	36.593	947	0 2
2102	83.701	947	0 2
2103	62.777	947	0 2
2104	112.794	947	0 2
2105	86.558	947	0 2
2106	132.747	947	0 2
2107	95.055	947	0 2
2108	112.311	947	0 2
2109	105.315	947	0 2
2110	134.098	947	0 2
2111	140.525	947	0 2
2112	70.470	947	0 2
2113	94.185	947	0 2
2114	154.743	947	0 2
2115	44.274	947	0 2
2116	102.070	947	0 2
2117	69.228	947	0 2
2118	100.925	947	0 2
2119	74.526	947	0 2
2120	18.705	947	0 2
2121	189.873	947	0 2
2122	224.987	947	0 2
2123	120.121	947	0 2
2124	181.929	947	0 2
2125	161.023	947	0 2
2126	86.224	947	0 2
2127	195.902	947	0 2
2128	53.907	947	0 2
2129	177.515	947	0 2
2130	191.584	947	0 2
2131	76.206	947	0 2
2132	72.888	947	0 2
2133	144.671	947	0 2
2134	200.088	947	0 2
2135	234.995	947	0 2
2136	90.694	947	0 2
2137	147.452	947	0 2
2138	104.444	947	
2139	132.561	947	0 2
2140	84.285	947	0 2
2141	154.963	947	0 2
2142	77.995	947	0 2
2143	35.676	947	0 2
2144	103.352	947	0 2
2145	164.887	947	0 2
2146	234.414	947	0 2
2147	186.196	947	0 2
2148	245.252	947	
2149	171.821	947	0 2
2150	200.382	947	0 2
2151	89.762	947	0 2
2152	156.550	947	0 2
2153	134.833	947	0 2
2154	65.089	947	0 2
2155	166.129	947	0 2
2156	139.445	947	0 2
2157	119.226	947	0 2
2158	182.700	947	0 2
2159	134.954	947	0 2
2160	109.746	947	0 2
2161	136.966	947	0 2
2162	230.344	947	0 2
2163	221.891	947	
2164	265.366	947	0 2
2165	167.657	947	0 2
2166	125.518	947	0 2
2167	118.031	947	0 2
2168	143.166	947	0 2
2169	94.167	947	0 2
2170	121.703	947	0 2
2171	93.152	947	0 2
2172	101.816	947	0 2
2173	243.787	947	0 2
2174	276.856	947	0 2
2175	65.094	947	0 2
2176	149.754	947	0 2
2177	103.875	947	0 2
2178	121.703	947	0 2
2179	172.656	947	0 2
2180	110.466	947	
2181	139.644	947	0 2
2182	156.677	947	0 2
2183	186.566	947	0 2
2184	131.933	947	0 2
2185	226.833	947	0 2
2186	89.860	947	0 2
2187	181.878	947	
2188	88.200	947	0 2
2189	181.004	947	0 2
2190	191.269	947	0 2
2191	106.803	947	0 2
2192	137.221	947	
2193	163.532	947	0 2
2194	38.797	947	0 2
2195	117.082	947	0 2
2196	44.165	947	0 2
2197	86.603	947	0 2
2198	65.343	947	0 2
2199	36.036	947	0 2
2200	152.169	947	0 2
2201	159.719	947	0 2
2202	238.812	947	0 2
2203	120.854	947	0 2
2204	126.090	947	0 2
2205	102.022	947	0 2
2206	132.069	947	0 2
2207	77.310	947	0 2
2208	18.178	947	0 2
2209	100.168	947	0 2
2210	22.041	947	0 2
2211	61.134	947	0 2
2212	26.708	947	0 2
2213	20.282	947	0 2
2214	117.010	947	0 2
2215	165.046	947	0 2
2216	116.220	947	0 2
2217	132.840	947	0 2
2218	108.326	947	0 2
2219	95.873	947	0 2
2220	122.109	947	0 2
2221	45.743	947	0 2
2222	80.444	947	0 2
2223	137.498	947	0 2
2224	169.226	947	0 2
2225	103.809	947	0 2
2226	78.698	947	
2227	88.931	947	0 2
2228	80.283	947	0 2
2229	98.756	947	0 2
2230	70.191	947	0 2
2231	231.524	947	0 2
2232	127.284	947	0 2
2233	145.385	947	0 2
2234	87.639	947	0 2
2235	107.178	947	0 2
2236	91.605	947	0 2
2237	136.341	947	0 2
2238	117.336	947	0 2
2239	92.888	947	0 2
2240	96.502	947	0 2
2241	191.693	947	0 2
2242	165.080	947	0 2
2243	147.944	947	0 2
2244	131.174	947	0 2
2245	196.251	947	0 2
2246	136.727	947	0 2
2247	147.271	947	0 2
2248	178.032	947	0 2
2249	132.765	947	0 2
2250	155.997	947	0 2
2251	151.242	947	0 2
2252	129.229	947	0 2
2253	146.456	947	0 2
2254	164.034	947	0 2
2255	79.757	947	0 2
2256	111.318	947	0 2
2257	91.470	947	0 2
2258	120.179	947	0 2
2259	160.413	947	0 2
2260	354.964	947	0 2
2261	468.423	947	
2262	142.184	947	0 2
2263	236.085	947	0 2
2264	175.288	947	0 2
2265	196.278	947	0 2
2266	196.763	947	0 2
2267	26.545	947	0 2
2268	76.991	947	
2269	178.438	947	0 2
2270	78.925	947	0 2
2271	88.600	947	0 2
2272	174.970	947	0 2
2273	121.748	947	0 2
2274	178.013	947	0 2
2275	210.318	947	0 2
2276	136.480	947	0 2
2277	56.588	947	0 2
2278	103.657	947	0 2
2279	116.563	947	0 2
2280	300.096	947	0 2
2281	57.228	947	0 2
2282	157.331	947	0 2
2283	165.564	947	0 2
2284	71.268	947	0 2
2285	116.309	947	0 2
2286	81.644	947	0 2
2287	73.827	947	0 2
2288	123.736	947	0 2
2289	86.552	947	0 2
2290	65.008	947	0 2
2291	7.837	947	0 2
2292	15.015	947	0 2
2293	121.453	947	0 2
2294	53.613	947	0 2
2295	36.357	947	0 2
2296	132.989	947	0 2
2297	111.620	947	0 2
2298	44.742	947	0 2
2299	13.307	947	0 2
2300	68.732	947	0 2
2301	89.114	947	0 2
2302	25.071	947	0 2
2303	79.242	947	0 2
2304	211.399	947	0 2
2305	88.282	947	0 2
2306	71.940	947	0 2
2307	100.565	947	0 2
2308	103.541	947	0 2
2309	90.411	947	0 2
2310	75.242	947	0 2
2311	149.980	947	0 2
2312	18.698	947	0 2
2313	121.138	947	0 2
2314	100.296	947	0 2
2315	25.888	947	0 2
2316	62.352	947	0 2
2317	120.371	947	0 2
2318	198.988	947	0 2
2319	72.118	947	0 2
2320	62.250	947	0 2
2321	61.666	947	0 2
2322	27.494	947	0 2
2323	58.129	947	0 2
2324	105.986	947	0 2
2325	85.638	947	0 2
2326	13.026	947	0 2
2327	23.668	947	0 2
2328	106.400	947	0 2
2329	77.936	947	0 2
2330	111.816	947	0 2
2331	132.987	947	0 2
2332	149.225	947	0 2
2333	40.619	947	0 2
2334	48.453	947	0 2
2335	11.705	947	0 2
2336	153.179	947	
2337	111.550	947	0 2
2338	95.338	947	0 2
2339	20.150	947	
2340	72.330	947	0 2
2341	126.583	947	0 2
2342	46.455	947	0 2
2343	44.578	947	0 2
2344	64.914	947	0 2
2345	53.926	947	0 2
2346	148.007	947	0 2
2347	84.793	947	0 2
2348	50.876	947	0 2
2349	135.666	947	0 2
2350	130.110	947	0 2
2351	54.629	947	0 2
2352	71.322	947	0 2
2353	111.218	947	0 2
2354	132.991	947	0 2
2355	97.753	947	0 2
2356	131.362	947	0 2
2357	194.894	947	0 2
2358	131.532	947	0 2
2359	121.109	947	0 2
2360	102.382	947	0 2
2361	63.036	947	0 2
2362	54.501	947	0 2
2363	168.068	947	0 2
2364	79.650	947	0 2
2365	50.918	947	0 2
2366	56.109	947	0 2
2367	49.680	947	0 2
2368	111.660	947	0 2
2369	61.922	947	0 2
2370	19.972	947	0 2
2371	93.059	947	0 2
2372	83.401	947	0 2
2373	24.544	947	0 2
2374	55.873	947	0 2
2375	24.055	947	0 2
2376	60.496	947	0 2
2377	83.193	947	0 2
2378	36.196	947	0 2
2379	151.377	947	0 2
2380	66.875	947	0 2
2381	78.315	947	0 2
2382	40.727	947	0 2
2383	124.065	947	0 2
2384	129.945	947	
2385	90.136	947	0 2
2386	82.392	947	0 2
2387	68.955	947	0 2
2388	115.345	947	0 2
2389	47.883	947	0 2
2390	130.820	947	0 2
2391	121.403	947	0 2
2392	68.671	947	0 2
2393	96.107	947	0 2
2394	38.040	947	0 2
2395	75.603	947	0 2
2396	50.252	947	0 2
2397	47.747	947	0 2
2398	24.580	947	0 2
2399	71.335	947	0 2
2400	220.763	947	0 2
2401	162.541	947	0 2
2402	97.212	947	0 2
2403	99.903	947	0 2
2404	63.065	947	0 2
2405	57.092	947	0 2
2406	82.160	947	0 2
2407	66.978	947	0 2
2408	130.110	947	0 2
2409	192.029	947	0 2
2410	121.973	947	0 2
2411	32.909	947	0 2
2412	20.688	947	0 2
2413	33.314	947	0 2
2414	79.643	947	0 2
2415	41.040	947	0 2
2416	61.138	947	0 2
2417	77.502	947	0 2
2418	202.290	947	0 2
2419	127.737	947	
2420	139.973	947	0 2
2421	55.374	947	0 2
2422	70.226	947	0 2
2423	88.291	947	0 2
2424	94.557	947	0 2
2425	51.849	947	0 2
2426	81.679	947	0 2
2427	116.847	947	0 2
2428	120.692	947	0 2
2429	107.648	947	0 2
2430	14.656	947	
2431	18.017	947	0 2
2432	61.663	947	0 2
2433	161.409	947	0 2
2434	204.139	947	0 2
2435	80.538	947	0 2
2436	114.934	947	0 2
2437	148.946	947	0 2
2438	63.173	947	0 2
2439	143.025	947	0 2
2440	120.907	947	0 2
2441	86.266	947	0 2
2442	150.987	947	0 2
2443	157.608	947	0 2
2444	140.939	947	0 2
2445	142.992	947	0 2
2446	205.864	947	0 2
2447	263.286	947	0 2
2448	142.127	947	0 2
2449	59.477	947	0 2
2450	141.099	947	0 2
2451	80.343	947	0 2
2452	42.366	947	0 2
2453	103.453	947	0 2
2454	69.126	947	0 2
2455	123.156	947	0 2
2456	81.993	947	0 2
2457	94.953	947	0 2
2458	161.825	947	0 2
2459	54.068	947	0 2
2460	149.681	947	0 2
2461	87.385	947	0 2
2462	80.463	947	0 2
2463	82.889	947	0 2
2464	43.015	947	0 2
2465	104.410	947	0 2
2466	69.113	947	0 2
2467	74.340	947	0 2
2468	163.676	947	0 2
2469	136.293	947	0 2
2470	103.719	947	0 2
2471	160.064	947	0 2
2472	87.120	947	0 2
2473	108.955	947	0 2
2474	43.373	947	0 2
2475	109.098	947	0 2
2476	64.128	947	0 2
2477	91.624	947	0 2
2478	94.886	947	0 2
2479	68.353	947	0 2
2480	201.422	947	0 2
2481	29.981	947	0 2
2482	90.259	947	0 2
2483	72.546	947	0 2
2484	73.672	947	0 2
2485	88.547	947	0 2
2486	25.623	947	0 2
2487	100.240	947	0 2
2488	33.958	947	0 2
2489	54.236	947	0 2
2490	31.020	947	0 2
2491	34.895	947	0 2
2492	136.036	947	0 2
2493	59.739	947	0 2
2494	145.012	947	0 2
2495	34.652	947	0 2
2496	111.833	947	
2497	112.633	947	0 2
2498	231.741	947	0 2
2499	69.161	947	0 2
2500	117.742	947	0 2
2501	96.548	947	0 2
2502	69.724	947	0 2
2503	126.139	947	0 2
2504	56.154	947	0 2
2505	96.797	947	0 2
2506	149.342	947	0 2
2507	190.507	947	0 2
2508	125.712	947	0 2
2509	184.140	947	0 2
2510	156.483	947	0 2
2511	91.642	947	0 2
2512	172.154	947	
2513	69.993	947	0 2
2514	89.232	947	0 2
2515	115.528	947	0 2
2516	118.945	947	0 2
2517	78.808	947	0 2
2518	123.002	947	0 2
2519	113.256	947	0 2
2520	76.773	947	0 2
2521	91.843	947	0 2
2522	130.013	947	0 2
2523	122.653	947	0 2
2524	110.156	947	0 2
2525	98.349	947	0 2
2526	90.935	947	0 2
2527	183.905	947	0 2
2528	140.715	947	0 2
2529	220.770	947	0 2
2530	144.125	947	0 2
2531	87.040	947	0 2
2532	146.108	947	0 2
2533	195.058	947	0 2
2534	116.492	947	0 2
2535	148.634	947	0 2
2536	192.355	947	0 2
2537	305.796	947	0 2
2538	107.475	947	0 2
2539	114.227	947	0 2
2540	109.689	947	0 2
2541	85.402	947	0 2
2542	174.322	947	
2543	32.066	947	0 2
2544	83.473	947	0 2
2545	67.055	947	0 2
2546	135.563	947	0 2
2547	97.948	947	0 2
2548	47.344	947	0 2
2549	147.399	947	0 2
2550	229.684	947	0 2
2551	68.532	947	0 2
2552	201.509	947	0 2
2553	143.922	947	0 2
2554	198.109	947	
2555	195.901	947	0 2
2556	25.993	947	0 2
2557	72.094	947	0 2
2558	92.562	947	0 2
2559	126.245	947	0 2
2560	146.161	947	0 2
2561	87.725	947	0 2
2562	169.202	947	0 2
2563	173.199	947	0 2
2564	215.165	947	0 2
2565	117.608	947	0 2
2566	78.443	947	0 2
2567	170.232	947	0 2
2568	111.867	947	0 2
2569	73.905	947	0 2
2570	98.785	947	0 2
2571	144.324	947	0 2
2572	69.278	947	0 2
2573	108.613	947	0 2
2574	92.552	947	0 2
2575	57.881	947	0 2
2576	146.317	947	0 2
2577	217.736	947	0 2
2578	163.932	947	0 2
2579	147.784	947	0 2
2580	176.436	947	0 2
2581	104.632	947	0 2
2582	128.146	947	0 2
2583	130.742	947	0 2
2584	191.349	947	0 2
2585	144.746	947	0 2
2586	171.214	947	0 2
2587	124.016	947	0 2
2588	149.542	947	0 2
2589	16.195	947	0 2
2590	50.373	947	0 2
2591	33.107	947	0 2
2592	72.797	947	0 2
2593	37.202	947	0 2
2594	23.609	947	0 2
2595	66.976	947	0 2
2596	169.100	947	0 2
2597	130.460	947	0 2
2598	68.066	947	0 2
2599	191.066	947	0 2
2600	146.670	947	0 2
2601	171.889	947	0 2
2602	41.005	947	0 2
2603	70.425	947	0 2
2604	162.115	947	0 2
2605	169.736	947	0 2
2606	115.286	947	0 2
2607	68.498	947	0 2
2608	36.168	947	0 2
2609	99.671	947	0 2
2610	81.852	947	0 2
2611	125.551	947	0 2
2612	166.434	947	0 2
2613	85.024	947	0 2
2614	116.313	947	0 2
2615	153.472	947	0 2
2616	143.850	947	0 2
2617	186.166	947	0 2
2618	25.900	947	0 2
2619	56.808	947	0 2
2620	114.991	947	0 2
2621	148.589	947	0 2
2622	180.691	947	0 2
2623	85.743	947	0 2
2624	154.735	947	0 2
2625	70.684	947	0 2
2626	113.571	947	0 2
2627	133.630	947	0 2
2628	145.408	947	0 2
2629	18.609	947	0 2
2630	37.780	947	0 2
2631	43.148	947	0 2
2632	63.227	947	0 2
2633	48.174	947	0 2
2634	39.721	947	0 2
2635	74.994	947	0 2
2636	64.533	947	0 2
2637	60.028	947	0 2
2638	122.315	947	0 2
2639	10.573	947	0 2
2640	103.755	947	0 2
2641	33.628	947	
2642	92.254	947	0 2
2643	93.500	947	
2644	103.134	947	0 2
2645	108.277	947	0 2
2646	102.151	947	
2647	184.831	947	0 2
2648	82.092	947	0 2
2649	29.808	947	0 2
2650	59.573	947	0 2
2651	230.528	947	0 2
2652	85.844	947	0 2
2653	508.960	947	0 2
2654	153.093	947	0 2
2655	115.023	947	0 2
2656	31.764	947	0 2
2657	73.837	947	0 2
2658	73.739	947	0 2
2659	113.138	947	0 2
2660	57.862	947	0 2
2661	139.619	947	0 2
2662	133.144	947	0 2
2663	62.265	947	0 2
2664	184.396	947	0 2
2665	93.266	947	0 2
2666	40.161	947	0 2
2667	40.410	947	0 2
2668	63.302	947	0 2
2669	104.342	947	0 2
2670	78.546	947	0 2
2671	127.488	947	0 2
2672	135.617	947	0 2
2673	154.963	947	0 2
2674	215.025	947	0 2
2675	167.200	947	0 2
2676	92.344	947	0 2
2677	91.864	947	0 2
2678	94.526	947	0 2
2679	69.057	947	0 2
2680	100.543	947	0 2
2681	77.403	947	0 2
2682	145.661	947	0 2
2683	122.012	947	0 2
2684	102.803	947	0 2
2685	192.936	947	
2686	115.304	947	0 2
2687	114.736	947	0 2
2688	95.083	947	0 2
2689	169.671	947	0 2
2690	62.434	947	0 2
2691	114.630	947	0 2
2692	45.784	947	0 2
2693	95.533	947	0 2
2694	74.900	947	0 2
2695	74.459	947	0 2
2696	41.023	947	0 2
2697	73.223	947	0 2
2698	52.419	947	0 2
2699	246.545	947	0 2
2700	215.127	947	0 2
2701	163.855	947	0 2
2702	65.994	947	0 2
2703	84.549	947	0 2
2704	226.806	947	0 2
2705	144.309	947	0 2
2706	267.192	947	0 2
2707	95.328	947	0 2
2708	111.439	947	0 2
2709	38.046	947	0 2
2710	58.502	947	0 2
2711	106.986	947	0 2
2712	77.151	947	0 2
2713	151.844	947	0 2
2714	86.821	947	0 2
2715	123.816	947	0 2
2716	124.537	947	0 2
2717	161.515	947	0 2
2718	188.381	947	0 2
2719	201.510	947	0 2
2720	174.695	947	0 2
2721	39.629	947	0 2
2722	114.316	947	0 2
2723	95.953	947	0 2
2724	192.358	947	
2725	59.223	947	0 2
2726	129.545	947	0 2
2727	96.988	947	0 2
2728	179.764	947	0 2
2729	83.523	947	0 2
2730	95.982	947	0 2
2731	66.547	947	0 2
2732	99.986	947	0 2
2733	199.867	947	0 2
2734	118.133	947	0 2
2735	260.087	947	0 2
2736	223.404	947	0 2
2737	44.298	947	0 2
2738	150.566	947	0 2
2739	126.202	947	0 2
2740	78.191	947	0 2
2741	105.421	947	0 2
2742	29.027	947	0 2
2743	48.624	947	0 2
2744	96.303	947	0 2
2745	16.761	947	0 2
2746	121.693	947	0 2
2747	219.981	947	0 2
2748	125.021	947	0 2
2749	144.452	947	0 2
2750	291.208	947	0 2
2751	195.103	947	0 2
2752	101.236	947	0 2
2753	196.655	947	0 2
2754	105.132	947	0 2
2755	55.327	947	0 2
2756	993.340	947	
2757	147.488	947	0 2
2758	161.557	947	0 2
2759	86.509	947	0 2
2760	38.995	947	
2761	33.593	947	0 2
2762	59.781	947	0 2
2763	113.516	947	0 2
2764	103.441	947	0 2
2765	157.181	947	0 2
2766	166.342	947	0 2
2767	199.883	947	0 2
2768	160.131	947	0 2
2769	39.684	947	0 2
2770	91.157	947	
2771	147.297	947	0 2
2772	111.227	947	0 2
2773	27.693	947	0 2
2774	92.907	947	0 2
2775	90.442	947	0 2
2776	157.211	947	0 2
2777	80.251	947	0 2
2778	125.287	947	0 2
2779	99.662	947	0 2
2780	127.386	947	0 2
2781	109.568	947	
2782	182.047	947	0 2
2783	204.475	947	0 2
2784	221.384	947	0 2
2785	120.409	947	0 2
2786	174.757	947	0 2
2787	222.841	947	
2788	164.219	947	0 2
2789	228.175	947	0 2
2790	173.498	947	
2791	148.614	947	0 2
2792	104.943	947	0 2
2793	122.336	947	0 2
2794	179.636	947	0 2
2795	132.171	947	0 2
2796	83.594	947	0 2
2797	143.177	947	0 2
2798	262.505	947	
2799	141.303	947	0 2
2800	181.130	947	0 2
2801	268.832	947	0 2
2802	273.538	947	
2803	200.481	947	0 2
2804	278.844	947	0 2
2805	37.033	947	0 2
2806	154.953	947	0 2
2807	193.646	947	0 2
2808	221.570	947	0 2
2809	128.557	947	0 2
2810	196.806	947	0 2
2811	96.623	947	0 2
2812	122.904	947	0 2
2813	165.039	947	
2814	63.138	947	0 2
2815	200.571	947	0 2
2816	105.957	947	0 2
2817	120.556	947	0 2
2818	114.166	947	0 2
2819	61.847	947	
2820	127.871	947	0 2
2821	130.057	947	0 2
2822	135.289	947	0 2
2823	172.357	947	0 2
2824	100.860	947	0 2
2825	100.256	947	
2826	118.402	947	0 2
2827	174.715	947	0 2
2828	54.608	947	0 2
2829	106.583	947	
2830	141.284	947	0 2
2831	166.981	947	0 2
2832	176.778	947	
2833	134.190	947	0 2
2834	154.089	947	0 2
2835	164.231	947	0 2
2836	46.621	947	0 2
2837	150.293	947	0 2
2838	132.521	947	0 2
2839	79.355	947	0 2
2840	99.043	947	0 2
2841	35.168	947	0 2
2842	77.017	947	0 2
2843	71.904	947	0 2
2844	50.922	947	0 2
2845	34.981	947	0 2
2846	11.087	947	0 2
2847	84.091	947	0 2
2848	56.226	947	0 2
2849	85.961	947	0 2
2850	15.586	947	0 2
2851	34.352	947	0 2
2852	97.330	947	0 2
2853	80.688	947	0 2
2854	138.538	947	0 2
2855	71.079	947	0 2
2856	33.242	947	0 2
2857	97.611	947	0 2
2858	77.154	947	0 2
2859	98.777	947	0 2
2860	80.842	947	0 2
2861	193.707	947	0 2
2862	111.337	947	0 2
2863	47.645	947	0 2
2864	51.182	947	0 2
2865	107.107	947	0 2
2866	140.876	947	0 2
2867	169.329	947	0 2
2868	66.025	947	0 2
2869	126.160	947	0 2
2870	117.102	947	0 2
2871	16.087	947	0 2
2872	152.909	947	0 2
2873	160.896	947	0 2
2874	132.287	947	0 2
2875	104.042	947	0 2
2876	100.626	947	0 2
2877	84.109	947	0 2
2878	261.174	947	0 2
2879	182.327	947	0 2
2880	180.642	947	0 2
2881	92.062	947	0 2
2882	124.010	947	0 2
2883	108.557	947	0 2
2884	141.153	947	
2885	87.242	947	0 2
2886	100.834	947	0 2
2887	208.440	947	0 2
2888	199.619	947	0 2
2889	200.251	947	0 2
2890	250.363	947	0 2
2891	197.574	947	0 2
2892	181.346	947	0 2
2893	213.013	947	
2894	74.014	947	0 2
2895	158.748	947	0 2
2896	175.007	947	0 2
2897	165.091	947	0 2
2898	266.192	947	0 2
2899	192.769	947	0 2
2900	56.640	947	0 2
2901	55.258	947	0 2
2902	161.194	947	0 2
2903	192.659	947	0 2
2904	134.463	947	0 2
2905	180.401	947	0 2
2906	93.000	947	0 2
2907	99.538	947	0 2
2908	138.834	947	0 2
2909	155.880	947	0 2
2910	180.603	947	0 2
2911	162.428	947	0 2
2912	146.601	947	0 2
2913	216.679	947	0 2
2914	131.915	947	0 2
2915	347.484	947	0 2
2916	210.995	947	0 2
2917	255.696	947	0 2
2918	228.285	947	0 2
2919	229.108	947	0 2
2920	329.962	947	0 2
2921	204.206	947	0 2
2922	216.197	947	0 2
2923	159.862	947	0 2
2924	271.948	947	0 2
2925	194.396	947	0 2
2926	30.259	947	0 2
2927	72.016	947	0 2
2928	56.110	947	0 2
2929	63.566	947	0 2
2930	146.389	947	0 2
2931	95.550	947	0 2
2932	71.093	947	0 2
2933	65.000	947	0 2
2934	119.851	947	0 2
2935	143.118	947	0 2
2936	93.486	947	0 2
2937	79.137	947	0 2
2938	169.463	947	0 2
2939	160.868	947	0 2
2940	147.318	947	0 2
2941	85.350	947	0 2
2942	145.675	947	0 2
2943	91.503	947	0 2
2944	89.875	947	0 2
2945	204.785	947	0 2
2946	207.376	947	0 2
2947	222.073	947	0 2
2948	135.938	947	0 2
2949	145.246	947	0 2
2950	170.123	947	0 2
2951	36.230	947	0 2
2952	139.370	947	0 2
2953	112.421	947	0 2
2954	162.678	947	0 2
2955	117.325	947	0 2
2956	39.939	947	0 2
2957	68.449	947	0 2
2958	244.852	947	0 2
2959	273.192	947	0 2
2960	182.037	947	0 2
2961	217.351	947	0 2
2962	114.691	947	0 2
2963	228.757	947	0 2
2964	220.733	947	0 2
2965	317.988	947	none
2966	119.850	947	0 2
2967	181.943	947	0 2
2968	86.066	947	0 2
2969	78.856	947	0 2
2970	60.322	947	0 2
2971	144.789	947	0 2
2972	97.914	947	0 2
2973	106.890	947	0 2
2974	86.064	947	0 2
2975	119.498	947	0 2
2976	112.629	947	0 2
2977	26.219	947	0 2
2978	137.786	947	0 2
2979	113.430	947	0 2
2980	139.196	947	
2981	181.046	947	0 2
2982	118.665	947	0 2
2983	301.296	947	0 2
2984	132.794	947	0 2
2985	215.040	947	0 2
2986	164.297	947	0 2
2987	273.659	947	0 2
2988	305.843	947	0 2
2989	65.013	947	0 2
2990	154.354	947	0 2
2991	145.625	947	0 2
2992	74.371	947	0 2
2993	145.653	947	0 2
2994	95.895	947	0 2
2995	107.956	947	0 2
2996	143.349	947	0 2
2997	153.680	947	0 2
2998	113.392	947	0 2
2999	165.125	947	0 2
3000	117.486	947	0 2
3001	169.567	947	0 2
3002	79.053	947	0 2
3003	142.923	947	
3004	97.317	947	0 2
3005	13.845	947	0 2
3006	123.110	947	0 2
3007	58.738	947	0 2
3008	20.834	947	0 2
3009	112.114	947	0 2
3010	65.085	947	0 2
3011	24.754	947	0 2
3012	117.886	947	0 2
3013	76.511	947	0 2
3014	53.658	947	0 2
3015	57.273	947	0 2
3016	134.050	947	
3017	126.490	947	
3018	82.226	947	0 2
3019	129.208	947	0 2
3020	74.614	947	0 2
3021	122.763	947	0 2
3022	142.297	947	0 2
3023	145.534	947	0 2
3024	127.362	947	0 2
3025	105.121	947	0 2
3026	80.564	947	0 2
3027	152.417	947	0 2
3028	136.176	947	0 2
3029	68.384	947	0 2
3030	61.423	947	0 2
3031	114.599	947	0 2
3032	114.822	947	0 2
3033	105.067	947	0 2
3034	37.761	947	0 2
3035	47.825	947	0 2
3036	147.460	947	0 2
3037	143.098	947	0 2
3038	84.908	947	0 2
3039	151.062	947	0 2
3040	204.802	947	0 2
3041	125.985	947	0 2
3042	206.221	947	0 2
3043	58.635	947	0 2
3044	77.876	947	0 2
3045	62.826	947	0 2
3046	128.650	947	0 2
3047	36.641	947	0 2
3048	71.692	947	0 2
3049	49.728	947	0 2
3050	74.067	947	0 2
3051	142.480	947	0 2
3052	110.851	947	0 2
3053	147.346	947	0 2
3054	146.154	947	0 2
3055	124.242	947	0 2
3056	169.973	947	0 2
3057	124.847	947	0 2
3058	115.685	947	0 2
3059	169.872	947	0 2
3060	107.883	947	0 2
3061	145.596	947	0 2
3062	85.668	947	0 2
3063	77.463	947	0 2
3064	135.905	947	0 2
3065	188.052	947	0 2
3066	31.995	947	0 2
3067	98.396	947	0 2
3068	65.391	947	0 2
3069	160.871	947	0 2
3070	33.204	947	0 2
3071	51.821	947	0 2
3072	50.997	947	0 2
3073	50.612	947	0 2
3074	98.480	947	0 2
3075	69.536	947	0 2
3076	162.932	947	0 2
3077	10.557	947	0 2
3078	72.401	947	0 2
3079	54.762	947	0 2
3080	234.268	947	0 2
3081	269.831	947	0 2
3082	91.390	947	0 2
3083	94.841	947	0 2
3084	142.367	947	0 2
3085	153.981	947	0 2
3086	72.170	947	0 2
3087	1247.887	947	
3088	87.778	947	0 2
3089	166.111	947	0 2
3090	43.775	947	0 2
3091	111.118	947	0 2
3092	70.506	947	0 2
3093	112.079	947	0 2
3094	126.116	947	0 2
3095	138.053	947	0 2
3096	205.332	947	
3097	188.439	947	0 2
3098	153.178	947	0 2
3099	185.302	947	0 2
3100	18.625	947	0 2
3101	103.087	947	
3102	48.685	947	0 2
3103	100.289	947	0 2
3104	145.036	947	0 2
3105	62.859	947	0 2
3106	66.026	947	0 2
3107	79.125	947	0 2
3108	133.678	947	0 2
3109	41.494	947	
3110	84.941	947	0 2
3111	8.409	947	0 2
3112	26.117	947	0 2
3113	79.362	947	0 2
3114	73.678	947	0 2
3115	145.185	947	0 2
3116	42.281	947	0 2
3117	43.205	947	0 2
3118	50.779	947	0 2
3119	55.100	947	
3120	16.151	947	0 2
3121	23.816	947	0 2
3122	39.404	947	0 2
3123	82.273	947	0 2
3124	54.860	947	0 2
3125	92.646	947	0 2
3126	72.896	947	0 2
3127	44.207	947	0 2
3128	38.133	947	0 2
3129	61.418	947	0 2
3130	46.010	947	0 2
3131	146.213	947	0 2
3132	124.916	947	0 2
3133	100.667	947	
3134	174.509	947	0 2
3135	58.199	947	0 2
3136	119.526	947	0 2
3137	35.334	947	0 2
3138	29.233	947	
3139	58.528	947	0 2
3140	41.481	947	0 2
3141	89.900	947	0 2
3142	73.663	947	0 2
3143	144.349	947	0 2
3144	78.490	947	0 2
3145	83.978	947	0 2
3146	128.353	947	0 2
3147	23.282	947	0 2
3148	93.656	947	0 2
3149	25.330	947	0 2
3150	52.007	947	0 2
3151	22.472	947	0 2
3152	60.421	947	0 2
3153	93.793	947	0 2
3154	32.753	947	0 2
3155	110.136	947	0 2
3156	62.285	947	0 2
3157	12.875	947	0 2
3158	56.856	947	0 2
3159	129.825	947	0 2
3160	74.605	947	0 2
3161	184.248	947	0 2
3162	96.081	947	0 2
3163	17.233	947	0 2
3164	52.776	947	0 2
3165	38.473	947	0 2
3166	101.574	947	0 2
3167	54.162	947	0 2
3168	37.341	947	0 2
3169	59.976	947	0 2
3170	43.339	947	0 2
3171	103.339	947	0 2
3172	68.235	947	0 2
3173	104.851	947	0 2
3174	73.687	947	0 2
3175	111.246	947	0 2
3176	54.077	947	0 2
3177	63.907	947	0 2
3178	233.617	947	0 2
3179	226.275	947	0 2
3180	56.319	947	0 2
3181	126.930	947	0 2
3182	148.367	947	0 2
3183	105.683	947	0 2
3184	201.974	947	0 2
3185	96.801	947	0 2
3186	138.495	947	0 2
3187	64.246	947	0 2
3188	39.990	947	0 2
3189	82.254	947	0 2
3190	56.363	947	0 2
3191	12.814	947	0 2
3192	101.775	947	0 2
3193	16.884	947	0 2
3194	90.199	947	0 2
3195	28.241	947	0 2
3196	71.053	947	0 2
3197	102.457	947	0 2
3198	91.000	947	0 2
3199	79.997	947	0 2
3200	562.149	947	0 2
3201	105.896	947	0 2
3202	162.792	947	0 2
3203	37.133	947	
3204	55.302	947	0 2
3205	33.302	947	0 2
3206	68.143	947	0 2
3207	84.177	947	0 2
3208	33.584	947	0 2
3209	82.775	947	0 2
3210	8.569	947	0 2
3211	63.026	947	0 2
3212	56.546	947	0 2
3213	30.703	947	0 2
3214	69.574	947	0 2
3215	76.569	947	0 2
3216	132.250	947	0 2
3217	122.289	947	0 2
3218	74.900	947	0 2
3219	149.984	947	0 2
3220	76.075	947	0 2
3221	151.781	947	0 2
3222	142.523	947	0 2
3223	139.810	947	0 2
3224	46.279	947	0 2
3225	121.264	947	0 2
3226	90.485	947	0 2
3227	31.795	947	0 2
3228	42.538	947	0 2
3229	107.558	947	0 2
3230	191.097	947	0 2
3231	79.919	947	0 2
3232	92.703	947	0 2
3233	100.990	947	0 2
3234	98.185	947	0 2
3235	43.713	947	0 2
3236	195.113	947	0 2
3237	261.400	947	0 2
3238	204.268	947	0 2
3239	107.504	947	0 2
3240	162.337	947	0 2
3241	156.860	947	
3242	206.941	947	0 2
3243	309.995	947	0 2
3244	109.435	947	0 2
3245	158.639	947	0 2
3246	84.108	947	0 2
3247	131.420	947	0 2
3248	115.511	947	0 2
3249	104.667	947	0 2
3250	216.681	947	0 2
3251	168.323	947	0 2
3252	201.409	947	
3253	172.745	947	0 2
3254	15.826	947	0 2
3255	31.317	947	0 2
3256	127.627	947	0 2
3257	102.271	947	0 2
3258	157.422	947	0 2
3259	81.083	947	0 2
3260	103.113	947	0 2
3261	23.889	947	0 2
3262	100.031	947	0 2
3263	85.605	947	0 2
3264	100.506	947	0 2
3265	17.257	947	0 2
3266	147.826	947	
3267	47.569	947	0 2
3268	76.417	947	0 2
3269	116.624	947	0 2
3270	66.928	947	0 2
3271	64.165	947	0 2
3272	160.648	947	0 2
3273	67.376	947	0 2
3274	180.170	947	0 2
3275	174.600	947	0 2
3276	126.781	947	0 2
3277	131.988	947	0 2
3278	129.112	947	0 2
3279	139.113	947	0 2
3280	101.979	947	0 2
3281	114.493	947	0 2
3282	170.336	947	0 2
3283	123.497	947	0 2
3284	272.245	947	0 2
3285	228.239	947	
3286	221.686	947	0 2
3287	77.177	947	0 2
3288	145.711	947	
3289	89.774	947	0 2
3290	118.500	947	0 2
3291	154.079	947	0 2
3292	27.655	947	0 2
3293	141.299	947	0 2
3294	49.133	947	0 2
3295	64.651	947	0 2
3296	59.010	947	
3297	93.484	947	0 2
3298	144.324	947	0 2
3299	50.160	947	0 2
3300	88.364	947	0 2
3301	163.141	947	0 2
3302	151.215	947	0 2
3303	166.185	947	0 2
3304	123.104	947	0 2
3305	37.828	947	0 2
3306	82.162	947	0 2
3307	124.771	947	0 2
3308	211.723	947	0 2
3309	200.221	947	0 2
3310	122.738	947	0 2
3311	152.344	947	0 2
3312	166.238	947	0 2
3313	120.135	947	0 2
3314	114.976	947	0 2
3315	248.681	947	0 2
3316	240.963	947	0 2
3317	177.292	947	0 2
3318	215.481	947	0 2
3319	215.070	947	0 2
3320	141.914	947	0 2
3321	254.132	947	0 2
3322	225.381	947	0 2
3323	198.729	947	0 2
3324	113.070	947	0 2
3325	214.958	947	0 2
3326	212.671	947	0 2
3327	82.846	947	0 2
3328	95.249	947	0 2
3329	100.391	947	0 2
3330	153.546	947	0 2
3331	77.766	947	0 2
3332	83.428	947	0 2
3333	108.532	947	0 2
3334	124.793	947	0 2
3335	64.536	947	0 2
3336	75.259	947	0 2
3337	187.666	947	0 2
3338	90.361	947	0 2
3339	175.518	947	0 2
3340	69.199	947	0 2
3341	72.266	947	0 2
3342	139.931	947	0 2
3343	221.156	947	0 2
3344	221.648	947	0 2
3345	87.559	947	0 2
3346	663.211	947	0 2
3347	95.256	947	0 2
3348	143.662	947	0 2
3349	98.456	947	0 2
3350	145.569	947	0 2
3351	71.061	947	0 2
3352	221.052	947	0 2
3353	185.461	947	0 2
3354	105.196	947	0 2
3355	205.335	947	0 2
3356	192.191	947	0 2
3357	238.855	947	0 2
3358	112.269	947	0 2
3359	138.618	947	0 2
3360	156.533	947	0 2
3361	111.957	947	0 2
3362	135.667	947	0 2
3363	316.557	947	0 2
3364	49.983	947	0 2
3365	116.106	947	0 2
3366	141.230	947	0 2
3367	75.954	947	0 2
3368	9.386	947	0 2
3369	16.235	947	0 2
3370	125.125	947	0 2
3371	79.995	947	0 2
3372	126.914	947	0 2
3373	119.042	947	0 2
3374	132.426	947	0 2
3375	80.402	947	0 2
3376	81.531	947	
3377	8.681	947	0 2
3378	72.533	947	0 2
3379	70.149	947	0 2
3380	77.996	947	0 2
3381	11.950	947	0 2
3382	120.877	947	0 2
3383	121.113	947	0 2
3384	42.419	947	0 2
3385	96.105	947	0 2
3386	114.782	947	0 2
3387	212.329	947	0 2
3388	215.079	947	0 2
3389	666.022	947	0 2
3390	194.648	947	0 2
3391	279.991	947	0 2
3392	73.118	947	0 2
3393	85.441	947	0 2
3394	228.973	947	0 2
3395	168.436	947	0 2
3396	224.854	947	0 2
3397	46.702	947	0 2
3398	49.910	947	0 2
3399	78.229	947	0 2
3400	90.761	947	0 2
3401	89.943	947	0 2
3402	63.221	947	0 2
3403	69.418	947	0 2
3404	175.706	947	0 2
3405	128.933	947	0 2
3406	60.060	947	0 2
3407	56.885	947	0 2
3408	44.176	947	0 2
3409	106.533	947	0 2
3410	9.836	947	0 2
3411	24.109	947	0 2
3412	108.896	947	0 2
3413	24.580	947	0 2
3414	121.627	947	0 2
3415	21.569	947	0 2
3416	110.434	947	0 2
3417	184.829	947	0 2
3418	222.001	947	0 2
3419	242.441	947	0 2
3420	198.666	947	0 2
3421	254.390	947	0 2
3422	75.669	947	0 2
3423	288.329	947	0 2
3424	142.169	947	
3425	130.921	947	0 2
3426	199.624	947	0 2
3427	174.676	947	0 2
3428	48.976	947	0 2
3429	94.489	947	0 2
3430	61.889	947	0 2
3431	48.534	947	0 2
3432	194.449	947	0 2
3433	235.300	947	
3434	114.289	947	0 2
3435	225.462	947	0 2
3436	225.400	947	0 2
3437	107.105	947	0 2
3438	197.277	947	0 2
3439	138.754	947	0 2
3440	163.641	947	0 2
3441	250.899	947	0 2
3442	140.693	947	0 2
3443	213.298	947	0 2
3444	160.609	947	0 2
3445	169.710	947	
3446	361.972	947	
3447	184.923	947	0 2
3448	147.839	947	0 2
3449	215.363	947	0 2
3450	137.068	947	0 2
3451	214.757	947	
3452	261.343	947	0 2
3453	79.837	947	0 2
3454	85.409	947	
3455	165.400	947	0 2
3456	170.565	947	0 2
3457	91.466	947	0 2
3458	98.721	947	0 2
3459	207.756	947	0 2
3460	188.238	947	0 2
3461	255.970	947	0 2
3462	198.861	947	0 2
3463	209.034	947	0 2
3464	147.294	947	0 2
3465	147.864	947	0 2
3466	175.488	947	0 2
3467	131.674	947	0 2
3468	354.837	947	0 2
3469	178.482	947	0 2
3470	419.755	947	0 2
3471	175.860	947	0 2
3472	210.757	947	0 2
3473	192.569	947	0 2
3474	148.746	947	0 2
3475	225.828	947	0 2
3476	161.227	947	0 2
3477	261.623	947	0 2
3478	220.387	947	0 2
3479	27.263	947	0 2
3480	59.137	947	0 2
3481	123.578	947	
3482	94.410	947	0 2
3483	124.878	947	0 2
3484	50.457	947	0 2
3485	171.365	947	0 2
3486	127.143	947	0 2
3487	80.136	947	0 2
3488	169.968	947	0 2
3489	75.446	947	0 2
3490	74.581	947	0 2
3491	77.835	947	0 2
3492	159.120	947	0 2
3493	90.462	947	0 2
3494	133.172	947	0 2
3495	200.429	947	0 2
3496	87.703	947	0 2
3497	179.101	947	0 2
3498	141.832	947	none
3499	191.856	947	0 2
3500	250.992	947	0 2
3501	223.941	947	0 2
3502	212.946	947	0 2
3503	153.494	947	0 2
3504	237.345	947	0 2
3505	214.449	947	0 2
3506	128.177	947	0 2
3507	209.483	947	0 2
3508	237.204	947	0 2
3509	160.430	947	0 2
3510	104.504	947	0 2
3511	116.204	947	0 2
3512	59.957	947	0 2
3513	278.499	947	0 2
3514	228.141	947	0 2
3515	167.845	947	0 2
3516	53.995	947	0 2
3517	84.211	947	
3518	93.102	947	0 2
3519	76.508	947	0 2
3520	79.156	947	0 2
3521	119.054	947	0 2
3522	110.163	947	0 2
3523	50.985	947	0 2
3524	125.928	947	0 2
3525	93.130	947	0 2
3526	175.947	947	0 2
3527	32.314	947	0 2
3528	157.664	947	0 2
3529	75.975	947	0 2
3530	122.826	947	0 2
3531	147.258	947	0 2
3532	54.540	947	0 2
3533	158.659	947	0 2
3534	75.054	947	0 2
3535	123.869	947	
3536	153.090	947	0 2
3537	105.533	947	0 2
3538	225.013	947	0 2
3539	97.199	947	
3540	161.180	947	0 2
3541	159.706	947	0 2
3542	165.482	947	0 2
3543	173.999	947	0 2
3544	309.354	947	0 2
3545	151.028	947	
3546	198.614	947	
3547	58.872	947	0 2
3548	147.101	947	0 2
3549	124.978	947	0 2
3550	93.847	947	0 2
3551	138.627	947	0 2
3552	102.756	947	0 2
3553	150.326	947	0 2
3554	72.156	947	0 2
3555	76.720	947	0 2
3556	206.982	947	0 2
3557	65.334	947	0 2
3558	113.101	947	0 2
3559	224.411	947	0 2
3560	169.618	947	0 2
3561	171.288	947	0 2
3562	198.574	947	0 2
3563	74.647	947	0 2
3564	167.655	947	
3565	196.561	947	0 2
3566	63.282	947	0 2
3567	163.621	947	0 2
3568	135.088	947	0 2
3569	13.182	947	0 2
3570	100.968	947	0 2
3571	109.130	947	0 2
3572	29.763	947	0 2
3573	78.595	947	0 2
3574	63.321	947	0 2
3575	209.336	947	0 2
3576	56.597	947	0 2
3577	21.959	947	0 2
3578	112.471	947	0 2
3579	27.297	947	0 2
3580	26.962	947	0 2
3581	151.902	947	0 2
3582	80.553	947	0 2
3583	159.277	947	0 2
3584	105.609	947	0 2
3585	43.588	947	0 2
3586	68.100	947	0 2
3587	121.854	947	0 2
3588	149.896	947	
3589	77.291	947	
3590	67.004	947	0 2
3591	130.570	947	0 2
3592	108.292	947	0 2
3593	133.335	947	0 2
3594	206.118	947	0 2
3595	93.115	947	0 2
3596	115.219	947	0 2
3597	163.934	947	0 2
3598	121.265	947	0 2
3599	90.204	947	0 2
3600	302.677	947	0 2
3601	141.735	947	0 2
3602	100.674	947	
3603	82.902	947	0 2
3604	41.486	947	0 2
3605	200.172	947	
3606	110.145	947	0 2
3607	109.691	947	0 2
3608	39.943	947	0 2
3609	48.609	947	0 2
3610	95.137	947	0 2
3611	51.855	947	0 2
3612	197.323	947	
3613	106.959	947	0 2
3614	131.498	947	0 2
3615	76.297	947	0 2
3616	63.278	947	0 2
3617	79.847	947	0 2
3618	94.194	947	0 2
3619	140.922	947	0 2
3620	86.962	947	0 2
3621	129.411	947	0 2
3622	173.383	947	0 2
3623	135.142	947	0 2
3624	190.448	947	0 2
3625	68.622	947	0 2
3626	122.654	947	0 2
3627	119.709	947	0 2
3628	101.801	947	0 2
3629	160.594	947	0 2
3630	257.092	947	0 2
3631	44.668	947	0 2
3632	119.769	947	0 2
3633	229.556	947	0 2
3634	153.861	947	0 2
3635	61.849	947	0 2
3636	80.004	947	0 2
3637	104.770	947	0 2
3638	76.461	947	0 2
3639	171.314	947	0 2
3640	124.676	947	0 2
3641	193.295	947	0 2
3642	56.201	947	0 2
3643	100.089	947	0 2
3644	121.994	947	0 2
3645	48.537	947	0 2
3646	48.691	947	0 2
3647	98.717	947	0 2
3648	56.489	947	0 2
3649	143.030	947	0 2
3650	89.492	947	0 2
3651	113.493	947	0 2
3652	79.877	947	0 2
3653	91.197	947	0 2
3654	127.173	947	0 2
3655	134.580	947	0 2
3656	110.855	947	0 2
3657	130.500	947	0 2
3658	128.863	947	0 2
3659	107.611	947	0 2
3660	151.214	947	0 2
3661	171.116	947	0 2
3662	25.907	947	0 2
3663	63.996	947	0 2
3664	46.554	947	0 2
3665	56.856	947	0 2
3666	108.416	947	
3667	16.202	947	0 2
3668	134.321	947	0 2
3669	39.913	947	0 2
3670	51.973	947	0 2
3671	76.272	947	0 2
3672	62.203	947	0 2
3673	124.829	947	0 2
3674	48.409	947	0 2
3675	89.065	947	0 2
3676	29.923	947	0 2
3677	51.521	947	0 2
3678	108.642	947	0 2
3679	24.731	947	0 2
3680	65.757	947	0 2
3681	72.211	947	0 2
3682	37.269	947	0 2
3683	151.740	947	0 2
3684	47.108	947	0 2
3685	129.331	947	0 2
3686	63.969	947	0 2
3687	75.338	947	0 2
3688	137.256	947	0 2
3689	86.229	947	0 2
3690	47.359	947	0 2
3691	90.215	947	0 2
3692	116.858	947	0 2
3693	48.278	947	0 2
3694	135.725	947	0 2
3695	112.927	947	0 2
3696	124.754	947	0 2
3697	53.187	947	0 2
3698	112.302	947	0 2
3699	126.361	947	0 2
3700	79.929	947	0 2
3701	11.975	947	0 2
3702	39.686	947	0 2
3703	136.600	947	0 2
3704	81.195	947	0 2
3705	61.852	947	0 2
3706	137.746	947	0 2
3707	60.782	947	0 2
3708	97.084	947	0 2
3709	111.261	947	0 2
3710	20.197	947	0 2
3711	117.690	947	0 2
3712	42.576	947	0 2
3713	60.774	947	0 2
3714	42.683	947	0 2
3715	83.773	947	0 2
3716	113.145	947	0 2
3717	45.009	947	0 2
3718	112.997	947	
3719	127.639	947	0 2
3720	67.098	947	0 2
3721	102.674	947	0 2
3722	58.924	947	0 2
3723	9.810	947	0 2
3724	14.123	947	0 2
3725	40.285	947	0 2
3726	42.713	947	0 2
3727	85.259	947	0 2
3728	100.038	947	0 2
3729	83.965	947	0 2
3730	141.081	947	0 2
3731	143.298	947	0 2
3732	119.601	947	0 2
3733	73.236	947	0 2
3734	116.065	947	0 2
3735	140.199	947	0 2
3736	109.468	947	0 2
3737	209.348	947	0 2
3738	150.626	947	0 2
3739	291.133	947	0 2
3740	71.379	947	0 2
3741	137.709	947	0 2
3742	60.463	947	0 2
3743	100.726	947	0 2
3744	132.093	947	0 2
3745	24.464	947	0 2
3746	130.983	947	0 2
3747	41.809	947	0 2
3748	83.786	947	0 2
3749	50.518	947	0 2
3750	85.741	947	0 2
3751	128.265	947	0 2
3752	49.600	947	0 2
3753	116.492	947	0 2
3754	134.730	947	0 2
3755	106.068	947	
3756	196.441	947	0 2
3757	90.543	947	0 2
3758	37.867	947	0 2
3759	105.775	947	0 2
3760	138.081	947	0 2
3761	23.800	947	0 2
3762	58.722	947	0 2
3763	63.135	947	0 2
3764	100.487	947	0 2
3765	66.669	947	0 2
3766	150.237	947	0 2
3767	102.787	947	0 2
3768	54.941	947	0 2
3769	68.276	947	0 2
3770	82.194	947	0 2
3771	97.206	947	0 2
3772	128.277	947	0 2
3773	129.476	947	0 2
3774	106.596	947	0 2
3775	156.932	947	0 2
3776	121.664	947	0 2
3777	13.817	947	0 2
3778	107.155	947	0 2
3779	92.511	947	0 2
3780	62.230	947	0 2
3781	22.058	947	
3782	160.130	947	0 2
3783	51.188	947	0 2
3784	106.231	947	0 2
3785	75.777	947	0 2
3786	142.946	947	0 2
3787	150.310	947	0 2
3788	132.629	947	0 2
3789	144.167	947	0 2
3790	204.571	947	0 2
3791	132.516	947	0 2
3792	73.264	947	0 2
3793	140.135	947	0 2
3794	118.701	947	0 2
3795	70.684	947	0 2
3796	101.778	947	
3797	153.127	947	0 2
3798	37.643	947	0 2
3799	146.687	947	0 2
3800	151.410	947	0 2
3801	205.346	947	0 2
3802	153.718	947	0 2
3803	186.221	947	
3804	156.688	947	0 2
3805	184.467	947	0 2
3806	138.170	947	0 2
3807	156.831	947	0 2
3808	168.563	947	0 2
3809	143.949	947	0 2
3810	223.499	947	0 2
3811	186.962	947	0 2
3812	129.167	947	0 2
3813	163.109	947	0 2
3814	1253.239	947	
3815	15.232	947	0 2
3816	150.674	947	0 2
3817	132.877	947	0 2
3818	103.686	947	0 2
3819	25.700	947	0 2
3820	91.544	947	0 2
3821	145.752	947	0 2
3822	96.724	947	0 2
3823	132.379	947	0 2
3824	56.234	947	0 2
3825	19.802	947	0 2
3826	139.561	947	0 2
3827	166.845	947	0 2
3828	41.751	947	0 2
3829	85.367	947	
3830	228.419	947	0 2
3831	192.839	947	0 2
3832	137.105	947	0 2
3833	143.979	947	0 2
3834	196.179	947	0 2
3835	272.835	947	0 2
3836	80.237	947	0 2
3837	194.026	947	0 2
3838	64.246	947	0 2
3839	160.113	947	0 2
3840	110.738	947	0 2
3841	74.720	947	0 2
3842	93.401	947	0 2
3843	47.271	947	0 2
3844	138.776	947	0 2
3845	129.011	947	0 2
3846	93.103	947	0 2
3847	118.364	947	0 2
3848	137.898	947	0 2
3849	37.587	947	0 2
3850	92.939	947	
3851	288.494	947	0 2
3852	68.117	947	0 2
3853	113.683	947	0 2
3854	110.279	947	0 2
3855	94.995	947	0 2
3856	15.612	947	0 2
3857	139.585	947	0 2
3858	150.177	947	0 2
3859	201.732	947	0 2
3860	226.723	947	0 2
3861	102.536	947	0 2
3862	194.302	947	0 2
3863	118.923	947	0 2
3864	148.915	947	0 2
3865	157.058	947	0 2
3866	138.668	947	0 2
3867	109.926	947	0 2
3868	140.515	947	0 2
3869	231.336	947	0 2
3870	160.918	947	0 2
3871	160.490	947	0 2
3872	258.095	947	0 2
3873	215.292	947	0 2
3874	174.985	947	0 2
3875	108.730	947	0 2
3876	221.909	947	0 2
3877	198.996	947	0 2
3878	184.366	947	0 2
3879	87.195	947	0 2
3880	196.749	947	0 2
3881	155.603	947	0 2
3882	127.712	947	0 2
3883	102.625	947	
3884	172.624	947	0 2
3885	171.480	947	0 2
3886	138.936	947	0 2
3887	161.420	947	0 2
3888	52.753	947	0 2
3889	94.334	947	0 2
3890	87.324	947	0 2
3891	100.598	947	0 2
3892	202.641	947	0 2
3893	120.890	947	0 2
3894	237.802	947	0 2
3895	68.508	947	0 2
3896	160.544	947	0 2
3897	139.192	947	0 2
3898	105.084	947	0 2
3899	142.514	947	0 2
3900	56.378	947	0 2
3901	93.836	947	0 2
3902	68.596	947	0 2
3903	73.279	947	0 2
3904	19.115	947	0 2
3905	111.728	947	0 2
3906	115.931	947	0 2
3907	106.073	947	0 2
3908	112.566	947	0 2
3909	168.732	947	0 2
3910	119.143	947	
3911	195.635	947	0 2
3912	99.067	947	0 2
3913	64.235	947	0 2
3914	161.148	947	0 2
3915	211.036	947	0 2
3916	214.063	947	0 2
3917	111.171	947	0 2
3918	59.075	947	0 2
3919	121.882	947	0 2
3920	124.443	947	0 2
3921	312.278	947	0 2
3922	154.060	947	0 2
3923	164.458	947	0 2
3924	142.235	947	0 2
3925	121.814	947	0 2
3926	175.731	947	0 2
3927	187.829	947	0 2
3928	228.308	947	0 2
3929	173.054	947	0 2
3930	70.971	947	0 2
3931	90.544	947	0 2
3932	196.983	947	0 2
3933	157.968	947	0 2
3934	160.051	947	0 2
3935	89.040	947	0 2
3936	209.223	947	0 2
3937	152.170	947	0 2
3938	106.455	947	0 2
3939	157.668	947	0 2
3940	87.287	947	0 2
3941	134.318	947	
3942	170.969	947	0 2
3943	146.048	947	0 2
3944	238.131	947	0 2
3945	124.473	947	0 2
3946	78.197	947	
3947	86.853	947	0 2
3948	117.321	947	0 2
3949	148.172	947	0 2
3950	131.808	947	0 2
3951	148.793	947	
3952	95.418	947	0 2
3953	94.635	947	0 2
3954	177.566	947	0 2
3955	146.526	947	0 2
3956	222.054	947	0 2
3957	155.812	947	0 2
3958	154.884	947	0 2
3959	169.368	947	0 2
3960	168.114	947	0 2
3961	156.850	947	0 2
3962	223.493	947	
3963	55.482	947	0 2
3964	108.309	947	0 2
3965	114.486	947	0 2
3966	150.709	947	0 2
3967	109.138	947	0 2
3968	158.083	947	0 2
3969	127.068	947	0 2
3970	186.163	947	0 2
3971	137.930	947	0 2
3972	154.152	947	0 2
3973	148.394	947	0 2
3974	209.047	947	0 2
3975	84.647	947	0 2
3976	140.297	947	0 2
3977	176.479	947	0 2
3978	188.779	947	0 2
3979	260.565	947	0 2
3980	96.223	947	0 2
3981	162.911	947	0 2
3982	151.986	947	0 2
3983	163.295	947	0 2
3984	213.444	947	0 2
3985	215.484	947	0 2
3986	176.477	947	0 2
3987	204.836	947	0 2
3988	258.494	947	0 2
3989	183.488	947	0 2
3990	173.194	947	0 2
3991	96.322	947	0 2
3992	166.252	947	0 2
3993	136.413	947	0 2
3994	178.944	947	0 2
3995	159.912	947	0 2
3996	152.166	947	0 2
3997	69.139	947	
3998	119.702	947	0 2
3999	107.246	947	0 2
4000	126.922	947	0 2
4001	196.424	947	0 2
4002	105.107	947	0 2
4003	178.018	947	0 2
4004	139.323	947	0 2
4005	185.537	947	0 2
4006	127.232	947	0 2
4007	224.664	947	0 2
4008	78.982	947	0 2
4009	129.869	947	0 2
4010	73.488	947	0 2
4011	69.563	947	
4012	94.333	947	
4013	103.427	947	0 2
4014	188.061	947	0 2
4015	236.080	947	0 2
4016	105.372	947	0 2
4017	181.606	947	0 2
4018	133.429	947	0 2
4019	202.214	947	0 2
4020	209.119	947	0 2
4021	214.837	947	0 2
4022	73.527	947	0 2
4023	122.687	947	0 2
4024	118.849	947	0 2
4025	260.249	947	0 2
4026	142.593	947	0 2
4027	138.692	947	0 2
4028	182.634	947	0 2
4029	168.270	947	0 2
4030	126.017	947	0 2
4031	167.975	947	0 2
4032	135.985	947	0 2
4033	124.050	947	0 2
4034	118.423	947	0 2
4035	57.049	947	0 2
4036	127.192	947	0 2
4037	81.352	947	0 2
4038	112.412	947	0 2
4039	99.432	947	0 2
4040	64.705	947	0 2
4041	87.148	947	0 2
4042	98.281	947	0 2
4043	122.682	947	0 2
4044	138.519	947	0 2
4045	51.670	947	0 2
4046	120.114	947	0 2
4047	244.208	947	0 2
4048	188.579	947	0 2
4049	136.258	947	0 2
4050	180.114	947	0 2
4051	167.936	947	0 2
4052	167.589	947	0 2
4053	376.058	947	0 2
4054	59.154	947	
4055	111.499	947	0 2
4056	142.275	947	0 2
4057	60.834	947	0 2
4058	116.317	947	0 2
4059	149.645	947	
4060	74.190	947	0 2
4061	112.538	947	0 2
4062	104.225	947	0 2
4063	178.383	947	0 2
4064	211.219	947	0 2
4065	52.779	947	0 2
4066	182.156	947	0 2
4067	202.289	947	0 2
4068	151.305	947	0 2
4069	152.847	947	0 2
4070	106.599	947	0 2
4071	176.381	947	0 2
4072	67.717	947	0 2
4073	181.474	947	0 2
4074	314.678	947	
4075	192.922	947	0 2
4076	120.787	947	0 2
4077	191.388	947	0 2
4078	171.370	947	0 2
4079	145.891	947	0 2
4080	178.469	947	0 2
4081	257.196	947	0 2
4082	318.329	947	0 2
4083	266.483	947	0 2
4084	231.296	947	0 2
4085	65.904	947	0 2
4086	129.744	947	0 2
4087	47.426	947	0 2
4088	66.128	947	0 2
4089	109.573	947	0 2
4090	126.036	947	0 2
4091	140.617	947	0 2
4092	64.535	947	
4093	83.939	947	0 2
4094	185.509	947	
4095	101.813	947	0 2
4096	69.429	947	0 2
4097	113.090	947	0 2
4098	149.361	947	0 2
4099	101.111	947	0 2
4100	112.714	947	0 2
4101	105.319	947	0 2
4102	144.886	947	0 2
4103	88.729	947	0 2
4104	176.157	947	0 2
4105	156.630	947	0 2
4106	153.466	947	
4107	270.061	947	0 2
4108	225.385	947	0 2
4109	63.906	947	0 2
4110	141.620	947	0 2
4111	141.157	947	0 2
4112	133.590	947	0 2
4113	118.562	947	0 2
4114	124.027	947	0 2
4115	238.138	947	0 2
4116	105.899	947	0 2
4117	114.503	947	0 2
4118	237.005	947	0 2
4119	101.807	947	
4120	275.715	947	0 2
4121	174.702	947	
4122	36.356	947	0 2
4123	46.705	947	0 2
4124	154.118	947	0 2
4125	101.464	947	0 2
4126	70.359	947	0 2
4127	52.201	947	0 2
4128	187.047	947	0 2
4129	112.469	947	0 2
4130	126.597	947	0 2
4131	206.347	947	0 2
4132	78.819	947	0 2
4133	143.037	947	0 2
4134	672.898	947	0 2
4135	216.448	947	0 2
4136	181.996	947	0 2
4137	111.585	947	0 2
4138	113.029	947	0 2
4139	74.742	947	0 2
4140	39.678	947	0 2
4141	88.141	947	0 2
4142	146.632	947	
4143	94.827	947	0 2
4144	159.803	947	0 2
4145	186.742	947	0 2
4146	134.226	947	0 2
4147	144.512	947	0 2
4148	160.369	947	0 2
4149	85.461	947	0 2
4150	156.328	947	0 2
4151	132.302	947	0 2
4152	126.947	947	0 2
4153	63.441	947	0 2
4154	93.398	947	0 2
4155	115.815	947	0 2
4156	95.878	947	0 2
4157	134.375	947	0 2
4158	134.829	947	0 2
4159	126.108	947	0 2
4160	222.336	947	0 2
4161	191.117	947	0 2
4162	224.866	947	0 2
4163	259.915	947	0 2
4164	133.887	947	0 2
4165	96.291	947	0 2
4166	62.176	947	0 2
4167	46.690	947	0 2
4168	132.026	947	0 2
4169	104.138	947	0 2
4170	56.410	947	0 2
4171	164.935	947	
4172	122.816	947	0 2
4173	45.200	947	0 2
4174	46.580	947	0 2
4175	76.982	947	0 2
4176	102.446	947	0 2
4177	78.100	947	0 2
4178	104.995	947	0 2
4179	160.076	947	0 2
4180	99.904	947	0 2
4181	177.377	947	0 2
4182	170.978	947	0 2
4183	162.846	947	
4184	113.276	947	0 2
4185	87.281	947	0 2
4186	225.686	947	0 2
4187	65.241	947	0 2
4188	171.553	947	0 2
4189	119.349	947	0 2
4190	94.390	947	0 2
4191	164.976	947	0 2
4192	236.333	947	0 2
4193	188.209	947	0 2
4194	155.678	947	0 2
4195	151.191	947	0 2
4196	97.304	947	0 2
4197	63.138	947	0 2
4198	144.511	947	0 2
4199	141.897	947	0 2
4200	167.248	947	0 2
4201	69.480	947	0 2
4202	206.633	947	0 2
4203	131.418	947	0 2
4204	173.216	947	0 2
4205	172.306	947	0 2
4206	128.693	947	0 2
4207	202.495	947	0 2
4208	88.509	947	0 2
4209	137.632	947	0 2
4210	34.267	947	0 2
4211	115.181	947	0 2
4212	90.112	947	0 2
4213	86.933	947	0 2
4214	71.570	947	0 2
4215	75.004	947	0 2
4216	124.393	947	0 2
4217	74.901	947	0 2
4218	88.388	947	0 2
4219	137.520	947	0 2
4220	306.528	947	0 2
4221	27.912	947	0 2
4222	47.912	947	0 2
4223	156.955	947	0 2
4224	83.309	947	0 2
4225	61.129	947	0 2
4226	186.213	947	none
4227	135.859	947	0 2
4228	73.062	947	0 2
4229	54.210	947	0 2
4230	171.391	947	
4231	94.601	947	0 2
4232	58.499	947	0 2
4233	112.881	947	0 2
4234	112.938	947	0 2
4235	48.566	947	0 2
4236	66.188	947	0 2
4237	114.515	947	0 2
4238	130.381	947	0 2
4239	112.329	947	0 2
4240	127.241	947	0 2
4241	172.079	947	0 2
4242	115.993	947	0 2
4243	175.932	947	0 2
4244	164.398	947	0 2
4245	61.190	947	0 2
4246	57.323	947	0 2
4247	145.604	947	0 2
4248	84.507	947	0 2
4249	66.685	947	0 2
4250	59.251	947	0 2
4251	57.531	947	0 2
4252	90.307	947	0 2
4253	75.188	947	0 2
4254	26.355	947	0 2
4255	70.041	947	0 2
4256	83.096	947	0 2
4257	24.981	947	0 2
4258	52.050	947	0 2
4259	22.534	947	0 2
4260	71.557	947	0 2
4261	77.481	947	0 2
4262	36.840	947	0 2
4263	145.572	947	0 2
4264	52.911	947	0 2
4265	128.328	947	0 2
4266	68.525	947	0 2
4267	133.014	947	0 2
4268	121.287	947	0 2
4269	75.394	947	0 2
4270	90.666	947	0 2
4271	61.416	947	0 2
4272	136.304	947	0 2
4273	68.083	947	0 2
4274	159.520	947	0 2
4275	105.211	947	0 2
4276	99.252	947	0 2
4277	117.262	947	0 2
4278	53.346	947	0 2
4279	105.619	947	0 2
4280	64.808	947	0 2
4281	63.687	947	0 2
4282	27.638	947	0 2
4283	92.929	947	0 2
4284	171.951	947	0 2
4285	175.214	947	0 2
4286	126.274	947	0 2
4287	128.397	947	0 2
4288	90.209	947	0 2
4289	97.471	947	0 2
4290	105.866	947	0 2
4291	62.821	947	0 2
4292	97.112	947	0 2
4293	189.010	947	
4294	191.237	947	0 2
4295	49.229	947	0 2
4296	27.020	947	0 2
4297	46.837	947	0 2
4298	96.145	947	0 2
4299	88.495	947	0 2
4300	62.051	947	0 2
4301	93.748	947	0 2
4302	159.393	947	0 2
4303	147.825	947	0 2
4304	208.280	947	0 2
4305	1156.144	947	
4306	79.599	947	0 2
4307	71.303	947	0 2
4308	125.055	947	0 2
4309	90.568	947	0 2
4310	67.353	947	0 2
4311	134.829	947	0 2
4312	117.004	947	0 2
4313	127.736	947	0 2
4314	17.035	947	0 2
4315	20.449	947	0 2
4316	26.268	947	0 2
4317	107.107	947	0 2
4318	139.852	947	0 2
4319	76.955	947	0 2
4320	71.278	947	0 2
4321	88.499	947	0 2
4322	37.537	947	0 2
4323	71.238	947	0 2
4324	56.022	947	0 2
4325	59.272	947	0 2
4326	94.916	947	0 2
4327	93.882	947	0 2
4328	60.532	947	0 2
4329	85.587	947	0 2
4330	132.369	947	0 2
4331	121.550	947	0 2
4332	188.157	947	0 2
4333	27.644	947	0 2
4334	90.651	947	0 2
4335	57.121	947	0 2
4336	19.645	947	0 2
4337	47.180	947	0 2
4338	44.823	947	0 2
4339	142.836	947	
4340	64.996	947	0 2
4341	68.827	947	0 2
4342	121.353	947	0 2
4343	35.896	947	0 2
4344	87.519	947	0 2
4345	63.238	947	0 2
4346	94.959	947	0 2
4347	61.850	947	0 2
4348	53.650	947	0 2
4349	118.660	947	0 2
4350	65.537	947	0 2
4351	80.566	947	0 2
4352	182.400	947	0 2
4353	188.383	947	0 2
4354	168.084	947	0 2
4355	160.547	947	0 2
4356	105.627	947	0 2
4357	105.653	947	0 2
4358	230.197	947	0 2
4359	74.379	947	0 2
4360	201.026	947	0 2
4361	84.943	947	0 2
4362	196.226	947	
4363	145.320	947	0 2
4364	159.681	947	0 2
4365	180.279	947	
4366	153.692	947	0 2
4367	301.082	947	0 2
4368	72.392	947	0 2
4369	96.102	947	0 2
4370	165.305	947	0 2
4371	131.894	947	0 2
4372	169.380	947	0 2
4373	65.353	947	0 2
4374	93.452	947	0 2
4375	83.631	947	0 2
4376	147.462	947	0 2
4377	86.848	947	0 2
4378	77.689	947	0 2
4379	172.226	947	
4380	144.591	947	0 2
4381	206.802	947	0 2
4382	88.001	947	0 2
4383	145.695	947	0 2
4384	96.656	947	0 2
4385	210.548	947	0 2
4386	66.738	947	0 2
4387	101.163	947	0 2
4388	136.473	947	0 2
4389	87.173	947	0 2
4390	190.573	947	0 2
4391	67.119	947	0 2
4392	54.332	947	0 2
4393	78.129	947	0 2
4394	114.751	947	0 2
4395	169.781	947	0 2
4396	94.097	947	0 2
4397	133.132	947	0 2
4398	59.065	947	0 2
4399	192.678	947	0 2
4400	82.758	947	0 2
4401	89.365	947	0 2
4402	128.117	947	0 2
4403	132.369	947	0 2
4404	89.094	947	0 2
4405	130.353	947	0 2
4406	128.618	947	0 2
4407	90.681	947	0 2
4408	41.338	947	0 2
4409	142.092	947	0 2
4410	204.340	947	0 2
4411	95.885	947	0 2
4412	117.806	947	0 2
4413	166.912	947	0 2
4414	42.584	947	0 2
4415	151.019	947	0 2
4416	123.681	947	0 2
4417	51.842	947	0 2
4418	105.352	947	0 2
4419	110.651	947	0 2
4420	144.046	947	0 2
4421	263.591	947	
4422	157.545	947	0 2
4423	230.521	947	0 2
4424	181.923	947	0 2
4425	134.779	947	0 2
4426	192.077	947	0 2
4427	221.460	947	
4428	213.409	947	0 2
4429	130.782	947	0 2
4430	55.409	947	0 2
4431	138.413	947	0 2
4432	257.912	947	0 2
4433	202.046	947	0 2
4434	155.225	947	0 2
4435	276.095	947	0 2
4436	145.731	947	0 2
4437	109.136	947	0 2
4438	28.202	947	0 2
4439	78.230	947	0 2
4440	82.950	947	
4441	154.494	947	0 2
4442	63.290	947	0 2
4443	63.521	947	0 2
4444	120.316	947	0 2
4445	71.719	947	0 2
4446	139.332	947	0 2
4447	154.399	947	0 2
4448	68.662	947	0 2
4449	171.266	947	0 2
4450	133.473	947	0 2
4451	81.758	947	0 2
4452	60.927	947	0 2
4453	181.244	947	0 2
4454	145.643	947	0 2
4455	128.636	947	0 2
4456	122.400	947	0 2
4457	138.460	947	0 2
4458	265.721	947	0 2
4459	61.392	947	0 2
4460	221.686	947	
4461	57.936	947	0 2
4462	133.846	947	0 2
4463	98.288	947	0 2
4464	93.908	947	0 2
4465	92.863	947	0 2
4466	49.868	947	0 2
4467	149.133	947	0 2
4468	139.138	947	0 2
4469	98.898	947	0 2
4470	139.845	947	0 2
4471	89.853	947	0 2
4472	48.682	947	0 2
4473	102.088	947	0 2
4474	271.863	947	0 2
4475	87.466	947	0 2
4476	151.812	947	0 2
4477	132.271	947	0 2
4478	122.074	947	0 2
4479	21.259	947	0 2
4480	78.323	947	0 2
4481	163.351	947	0 2
4482	91.062	947	0 2
4483	75.881	947	0 2
4484	99.076	947	0 2
4485	123.463	947	0 2
4486	213.597	947	0 2
4487	180.721	947	0 2
4488	193.155	947	0 2
4489	159.076	947	0 2
4490	173.284	947	0 2
4491	221.424	947	0 2
4492	168.090	947	0 2
4493	139.149	947	0 2
4494	98.236	947	0 2
4495	169.559	947	0 2
4496	104.602	947	0 2
4497	205.819	947	0 2
4498	228.555	947	0 2
4499	229.376	947	
4500	252.673	947	0 2
4501	300.691	947	0 2
4502	155.205	947	0 2
4503	322.201	947	0 2
4504	198.215	947	0 2
4505	178.461	947	0 2
4506	65.556	947	0 2
4507	155.469	947	0 2
4508	165.388	947	0 2
4509	261.308	947	0 2
4510	172.200	947	0 2
4511	216.504	947	0 2
4512	135.864	947	0 2
4513	135.708	947	0 2
4514	151.496	947	0 2
4515	97.926	947	0 2
4516	77.510	947	0 2
4517	158.652	947	0 2
4518	247.196	947	
4519	96.517	947	0 2
4520	96.874	947	0 2
4521	40.349	947	0 2
4522	157.277	947	0 2
4523	58.768	947	0 2
4524	217.857	947	0 2
4525	82.968	947	0 2
4526	158.997	947	0 2
4527	104.611	947	0 2
4528	98.506	947	0 2
4529	227.315	947	0 2
4530	244.209	947	0 2
4531	25.461	947	0 2
4532	25.271	947	0 2
4533	27.602	947	0 2
4534	86.083	947	0 2
4535	119.848	947	0 2
4536	70.527	947	0 2
4537	137.396	947	
4538	284.473	947	0 2
4539	241.085	947	0 2
4540	73.086	947	0 2
4541	86.062	947	0 2
4542	88.317	947	0 2
4543	37.501	947	0 2
4544	126.676	947	0 2
4545	71.782	947	0 2
4546	146.592	947	0 2
4547	108.023	947	0 2
4548	98.552	947	0 2
4549	175.105	947	0 2
4550	183.247	947	0 2
4551	23.475	947	0 2
4552	96.337	947	0 2
4553	46.088	947	0 2
4554	89.637	947	0 2
4555	115.315	947	0 2
4556	41.606	947	0 2
4557	158.626	947	0 2
4558	36.258	947	0 2
4559	133.554	947	0 2
4560	101.304	947	0 2
4561	226.494	947	0 2
4562	106.954	947	0 2
4563	137.784	947	0 2
4564	65.013	947	0 2
4565	110.539	947	0 2
4566	144.092	947	0 2
4567	50.670	947	0 2
4568	156.186	947	0 2
4569	76.547	947	0 2
4570	112.772	947	
4571	24.936	947	0 2
4572	108.907	947	0 2
4573	34.064	947	0 2
4574	93.544	947	0 2
4575	137.707	947	0 2
4576	32.527	947	0 2
4577	158.088	947	0 2
4578	27.013	947	0 2
4579	85.408	947	0 2
4580	37.733	947	0 2
4581	84.453	947	0 2
4582	133.644	947	
4583	9.871	947	0 2
4584	83.121	947	
4585	16.094	947	0 2
4586	61.827	947	
4587	39.237	947	0 2
4588	12.964	947	0 2
4589	73.357	947	0 2
4590	42.822	947	
4591	257.034	947	0 2
4592	11.387	947	0 2
4593	72.535	947	0 2
4594	104.929	947	0 2
4595	242.746	947	0 2
4596	63.007	947	0 2
4597	86.395	947	0 2
4598	113.128	947	0 2
4599	64.151	947	0 2
4600	156.041	947	0 2
4601	52.733	947	0 2
4602	52.072	947	0 2
4603	106.432	947	0 2
4604	116.753	947	0 2
4605	106.938	947	0 2
4606	93.703	947	0 2
4607	66.603	947	0 2
4608	56.225	947	0 2
4609	88.939	947	0 2
4610	55.300	947	0 2
4611	36.548	947	0 2
4612	52.096	947	0 2
4613	48.353	947	0 2
4614	42.421	947	0 2
4615	55.007	947	0 2
4616	52.195	947	0 2
4617	40.818	947	0 2
4618	61.564	947	0 2
4619	196.075	947	0 2
4620	306.461	947	0 2
4621	150.353	947	0 2
4622	164.569	947	0 2
4623	274.350	947	0 2
4624	202.098	947	0 2
4625	50.460	947	0 2
4626	139.422	947	
4627	108.166	947	0 2
4628	102.916	947	0 2
4629	154.575	947	0 2
4630	218.516	947	0 2
4631	234.241	947	0 2
4632	124.908	947	0 2
4633	274.917	947	0 2
4634	91.391	947	0 2
4635	123.079	947	0 2
4636	108.894	947	0 2
4637	229.881	947	0 2
4638	107.579	947	0 2
4639	138.120	947	0 2
4640	187.739	947	0 2
4641	198.283	947	0 2
4642	209.670	947	0 2
4643	78.469	947	0 2
4644	143.563	947	0 2
4645	193.131	947	0 2
4646	183.496	947	0 2
4647	227.702	947	0 2
4648	148.120	947	0 2
4649	303.502	947	0 2
4650	84.090	947	0 2
4651	182.007	947	0 2
4652	192.022	947	0 2
4653	113.003	947	0 2
4654	242.611	947	0 2
4655	177.418	947	0 2
4656	193.888	947	0 2
4657	72.131	947	0 2
4658	139.974	947	0 2
4659	52.707	947	0 2
4660	146.570	947	0 2
4661	207.668	947	0 2
4662	181.160	947	0 2
4663	119.582	947	0 2
4664	167.257	947	0 2
4665	97.499	947	0 2
4666	186.049	947	0 2
4667	68.196	947	0 2
4668	90.435	947	0 2
4669	109.808	947	0 2
4670	111.358	947	0 2
4671	143.751	947	0 2
4672	148.456	947	0 2
4673	89.621	947	0 2
4674	199.299	947	0 2
4675	133.774	947	0 2
4676	145.430	947	0 2
4677	232.152	947	0 2
4678	219.248	947	0 2
4679	100.592	947	0 2
4680	129.837	947	0 2
4681	252.281	947	0 2
4682	158.388	947	0 2
4683	186.017	947	0 2
4684	173.465	947	0 2
4685	255.793	947	
4686	95.396	947	0 2
4687	29.496	947	
4688	66.253	947	0 2
4689	64.833	947	
4690	52.641	947	0 2
4691	200.427	947	0 2
4692	164.558	947	0 2
4693	254.010	947	0 2
4694	139.459	947	0 2
4695	261.260	947	0 2
4696	115.094	947	0 2
4697	212.082	947	0 2
4698	112.920	947	0 2
4699	51.678	947	0 2
4700	140.299	947	0 2
4701	81.372	947	0 2
4702	138.475	947	0 2
4703	207.363	947	0 2
4704	245.733	947	0 2
4705	298.730	947	0 2
4706	228.302	947	0 2
4707	101.033	947	0 2
4708	46.609	947	0 2
4709	143.896	947	0 2
4710	15.562	947	0 2
4711	138.472	947	0 2
4712	37.972	947	0 2
4713	102.295	947	0 2
4714	117.571	947	0 2
4715	212.089	947	
4716	182.053	947	0 2
4717	128.813	947	0 2
4718	196.555	947	0 2
4719	154.513	947	
4720	30.548	947	0 2
4721	107.459	947	0 2
4722	97.737	947	0 2
4723	108.257	947	0 2
4724	51.203	947	0 2
4725	38.899	947	0 2
4726	59.839	947	0 2
4727	122.502	947	0 2
4728	204.610	947	0 2
4729	255.070	947	0 2
4730	185.184	947	0 2
4731	250.062	947	0 2
4732	120.976	947	0 2
4733	181.506	947	
4734	432.174	947	0 2
4735	238.547	947	0 2
4736	140.698	947	0 2
4737	354.130	947	0 2
4738	240.833	947	0 2
4739	230.784	947	0 2
4740	253.916	947	0 2
4741	69.613	947	0 2
4742	45.905	947	0 2
4743	207.401	947	0 2
4744	111.084	947	0 2
4745	186.884	947	0 2
4746	146.286	947	0 2
4747	71.014	947	0 2
4748	266.603	947	0 2
4749	124.659	947	0 2
4750	62.773	947	0 2
4751	163.811	947	0 2
4752	145.201	947	0 2
4753	116.061	947	0 2
4754	121.768	947	0 2
4755	288.711	947	0 2
4756	202.928	947	0 2
4757	69.993	947	0 2
4758	107.948	947	0 2
4759	116.151	947	0 2
4760	92.563	947	0 2
4761	181.716	947	0 2
4762	149.417	947	0 2
4763	90.725	947	0 2
4764	73.799	947	0 2
4765	83.420	947	0 2
4766	55.828	947	0 2
4767	71.833	947	0 2
4768	138.097	947	0 2
4769	28.246	947	0 2
4770	163.357	947	0 2
4771	131.177	947	0 2
4772	87.213	947	0 2
4773	125.325	947	0 2
4774	142.703	947	0 2
4775	94.369	947	0 2
4776	64.025	947	0 2
4777	166.357	947	0 2
4778	73.365	947	0 2
4779	197.086	947	
4780	67.313	947	0 2
4781	167.417	947	0 2
4782	140.486	947	0 2
4783	206.451	947	0 2
4784	95.815	947	0 2
4785	80.788	947	0 2
4786	203.932	947	0 2
4787	204.357	947	0 2
4788	153.018	947	0 2
4789	189.006	947	0 2
4790	75.211	947	0 2
4791	42.591	947	0 2
4792	159.294	947	0 2
4793	229.101	947	0 2
4794	105.382	947	0 2
4795	106.280	947	0 2
4796	111.255	947	0 2
4797	96.850	947	0 2
4798	251.889	947	0 2
4799	44.760	947	0 2
4800	160.720	947	0 2
4801	54.209	947	0 2
4802	172.879	947	0 2
4803	192.585	947	0 2
4804	64.271	947	0 2
4805	163.284	947	0 2
4806	120.498	947	0 2
4807	12.028	947	0 2
4808	51.460	947	0 2
4809	78.121	947	0 2
4810	61.397	947	0 2
4811	101.599	947	0 2
4812	36.023	947	0 2
4813	56.968	947	0 2
4814	90.386	947	0 2
4815	76.391	947	0 2
4816	61.811	947	0 2
4817	24.619	947	0 2
4818	65.426	947	0 2
4819	77.612	947	0 2
4820	11.109	947	0 2
4821	72.007	947	0 2
4822	96.970	947	0 2
4823	59.362	947	0 2
4824	24.975	947	0 2
4825	86.040	947	0 2
4826	107.316	947	0 2
4827	118.535	947	0 2
4828	100.652	947	0 2
4829	37.033	947	0 2
4830	65.103	947	0 2
4831	67.012	947	0 2
4832	62.563	947	0 2
4833	50.105	947	0 2
4834	22.544	947	0 2
4835	103.389	947	0 2
4836	33.352	947	0 2
4837	51.985	947	0 2
4838	67.276	947	0 2
4839	174.470	947	0 2
4840	63.913	947	0 2
4841	128.859	947	0 2
4842	30.406	947	0 2
4843	51.192	947	0 2
4844	77.754	947	0 2
4845	95.452	947	0 2
4846	80.453	947	0 2
4847	73.317	947	0 2
4848	91.536	947	
4849	80.857	947	0 2
4850	105.234	947	0 2
4851	79.179	947	0 2
4852	80.771	947	0 2
4853	130.318	947	0 2
4854	162.286	947	0 2
4855	78.973	947	0 2
4856	80.647	947	0 2
4857	116.014	947	0 2
4858	168.385	947	0 2
4859	94.309	947	0 2
4860	117.109	947	0 2
4861	63.564	947	0 2
4862	45.674	947	0 2
4863	33.132	947	0 2
4864	32.582	947	0 2
4865	132.721	947	0 2
4866	86.610	947	0 2
4867	126.745	947	0 2
4868	37.311	947	0 2
4869	61.780	947	0 2
4870	66.560	947	0 2
4871	62.109	947	0 2
4872	76.312	947	0 2
4873	61.339	947	0 2
4874	94.601	947	0 2
4875	69.734	947	0 2
4876	128.387	947	0 2
4877	111.545	947	0 2
4878	73.573	947	0 2
4879	155.746	947	0 2
4880	111.625	947	0 2
4881	82.543	947	0 2
4882	74.244	947	0 2
4883	102.723	947	
4884	215.234	947	0 2
4885	119.431	947	0 2
4886	139.513	947	0 2
4887	83.633	947	0 2
4888	169.589	947	0 2
4889	75.243	947	0 2
4890	32.508	947	0 2
4891	76.033	947	0 2
4892	95.441	947	0 2
4893	56.416	947	0 2
4894	112.627	947	0 2
4895	115.158	947	0 2
4896	34.233	947	0 2
4897	152.545	947	0 2
4898	17.067	947	0 2
4899	112.204	947	0 2
4900	250.229	947	0 2
4901	104.958	947	0 2
4902	83.266	947	0 2
4903	50.072	947	0 2
4904	71.736	947	0 2
4905	76.043	947	0 2
4906	143.490	947	0 2
4907	166.037	947	0 2
4908	95.606	947	0 2
4909	85.387	947	0 2
4910	95.616	947	0 2
4911	99.001	947	0 2
4912	72.801	947	0 2
4913	193.745	947	0 2
4914	106.611	947	0 2
4915	126.362	947	0 2
4916	65.392	947	0 2
4917	85.759	947	0 2
4918	59.223	947	0 2
4919	132.153	947	0 2
4920	52.967	947	0 2
4921	199.194	947	0 2
4922	19.317	947	0 2
4923	87.482	947	0 2
4924	95.786	947	0 2
4925	138.763	947	0 2
4926	43.721	947	0 2
4927	144.357	947	0 2
4928	20.070	947	0 2
4929	75.251	947	0 2
4930	187.739	947	0 2
4931	219.647	947	0 2
4932	208.003	947	0 2
4933	53.068	947	0 2
4934	53.872	947	0 2
4935	141.519	947	0 2
4936	154.364	947	
4937	193.965	947	0 2
4938	60.523	947	0 2
4939	186.500	947	0 2
4940	24.921	947	0 2
4941	53.857	947	0 2
4942	112.825	947	0 2
4943	81.399	947	0 2
4944	168.947	947	0 2
4945	53.769	947	0 2
4946	140.764	947	0 2
4947	71.742	947	0 2
4948	87.279	947	0 2
4949	79.042	947	0 2
4950	197.954	947	0 2
4951	133.336	947	0 2
4952	38.216	947	0 2
4953	106.680	947	0 2
4954	92.388	947	0 2
4955	259.404	947	
4956	33.540	947	0 2
4957	74.354	947	0 2
4958	72.170	947	0 2
4959	126.613	947	0 2
4960	84.291	947	0 2
4961	62.772	947	0 2
4962	51.526	947	0 2
4963	60.948	947	0 2
4964	107.540	947	0 2
4965	152.682	947	0 2
4966	88.564	947	0 2
4967	82.983	947	0 2
4968	101.607	947	0 2
4969	124.679	947	0 2
4970	108.790	947	0 2
4971	130.022	947	0 2
4972	103.202	947	0 2
4973	224.860	947	0 2
4974	145.759	947	0 2
4975	80.087	947	0 2
4976	135.566	947	0 2
4977	140.378	947	0 2
4978	100.670	947	0 2
4979	108.184	947	0 2
4980	154.273	947	0 2
4981	202.531	947	0 2
4982	89.111	947	0 2
4983	65.022	947	0 2
4984	130.313	947	0 2
4985	105.035	947	0 2
4986	232.438	947	0 2
4987	143.841	947	0 2
4988	254.417	947	0 2
4989	72.154	947	0 2
4990	199.505	947	0 2
4991	365.423	947	0 2
4992	150.372	947	0 2
4993	91.361	947	0 2
4994	106.767	947	0 2
4995	100.457	947	0 2
4996	167.764	947	0 2
4997	136.137	947	0 2
4998	77.329	947	0 2
4999	136.786	947	0 2
5000	120.354	947	0 2
5001	183.424	947	0 2
5002	62.629	947	0 2
5003	144.779	947	0 2
5004	48.781	947	0 2
5005	184.940	947	0 2
5006	114.536	947	0 2
5007	108.700	947	0 2
5008	208.399	947	0 2
5009	115.217	947	0 2
5010	224.412	947	0 2
5011	79.994	947	0 2
5012	154.861	947	
5013	239.848	947	0 2
5014	110.062	947	0 2
5015	171.448	947	0 2
5016	133.815	947	0 2
5017	146.719	947	0 2
5018	200.593	947	0 2
5019	242.570	947	0 2
5020	86.581	947	0 2
5021	196.182	947	0 2
5022	131.448	947	0 2
5023	283.337	947	0 2
5024	279.763	947	0 2
5025	250.056	947	0 2
5026	147.204	947	0 2
5027	105.285	947	0 2
5028	149.941	947	0 2
5029	49.046	947	0 2
5030	134.851	947	0 2
5031	92.231	947	0 2
5032	62.221	947	0 2
5033	128.166	947	0 2
5034	111.875	947	0 2
5035	105.306	947	0 2
5036	123.364	947	0 2
5037	123.883	947	0 2
5038	109.758	947	0 2
5039	163.810	947	0 2
5040	129.423	947	0 2
5041	185.346	947	0 2
5042	141.105	947	0 2
5043	105.643	947	0 2
5044	151.815	947	0 2
5045	153.530	947	0 2
5046	96.640	947	0 2
5047	140.618	947	0 2
5048	265.488	947	
5049	116.621	947	0 2
5050	240.123	947	0 2
5051	192.681	947	0 2
5052	90.681	947	0 2
5053	181.828	947	0 2
5054	207.480	947	0 2
5055	205.071	947	0 2
5056	70.724	947	0 2
5057	162.417	947	0 2
5058	99.353	947	0 2
5059	192.559	947	0 2
5060	191.389	947	0 2
5061	164.340	947	0 2
5062	280.359	947	0 2
5063	197.368	947	0 2
5064	198.577	947	0 2
5065	217.505	947	
5066	155.516	947	0 2
5067	243.724	947	0 2
5068	277.031	947	0 2
5069	40.486	947	0 2
5070	137.392	947	0 2
5071	192.479	947	0 2
5072	308.467	947	
5073	110.518	947	0 2
5074	241.989	947	0 2
5075	384.951	947	0 2
5076	46.383	947	0 2
5077	211.188	947	0 2
5078	115.748	947	
5079	32.843	947	0 2
5080	82.937	947	0 2
5081	168.711	947	0 2
5082	166.975	947	
5083	222.292	947	0 2
5084	221.313	947	0 2
5085	103.299	947	0 2
5086	122.391	947	0 2
5087	169.042	947	0 2
5088	281.977	947	0 2
5089	180.223	947	0 2
5090	314.334	947	0 2
5091	364.743	947	0 2
5092	177.398	947	0 2
5093	57.985	947	0 2
5094	158.957	947	0 2
5095	138.783	947	0 2
5096	274.521	947	0 2
5097	152.645	947	0 2
5098	133.781	947	0 2
5099	135.774	947	0 2
5100	217.165	947	0 2
5101	177.292	947	0 2
5102	219.384	947	0 2
5103	202.289	947	0 2
5104	200.440	947	0 2
5105	352.717	947	0 2
5106	293.997	947	0 2
5107	121.116	947	0 2
5108	220.252	947	0 2
5109	217.387	947	0 2
5110	244.296	947	0 2
5111	229.776	947	0 2
5112	371.230	947	0 2
5113	160.789	947	0 2
5114	76.366	947	0 2
5115	164.182	947	0 2
5116	112.148	947	0 2
5117	41.588	947	0 2
5118	20.687	947	0 2
5119	83.745	947	0 2
5120	144.360	947	0 2
5121	113.205	947	0 2
5122	213.408	947	0 2
5123	45.749	947	0 2
5124	103.223	947	0 2
5125	132.241	947	0 2
5126	24.076	947	0 2
5127	42.200	947	0 2
5128	39.300	947	0 2
5129	137.297	947	0 2
5130	169.812	947	0 2
5131	222.695	947	0 2
5132	127.373	947	0 2
5133	43.426	947	0 2
5134	82.645	947	0 2
5135	78.641	947	0 2
5136	242.169	947	0 2
5137	123.026	947	0 2
5138	252.416	947	0 2
5139	271.377	947	0 2
5140	68.873	947	0 2
5141	222.737	947	0 2
5142	205.292	947	0 2
5143	284.139	947	0 2
5144	112.966	947	0 2
5145	100.736	947	
5146	83.007	947	0 2
5147	174.985	947	0 2
5148	101.344	947	0 2
5149	160.861	947	0 2
5150	229.639	947	0 2
5151	41.389	947	0 2
5152	76.484	947	0 2
5153	83.124	947	0 2
5154	52.354	947	0 2
5155	93.375	947	0 2
5156	81.086	947	0 2
5157	61.386	947	0 2
5158	99.909	947	0 2
5159	97.785	947	0 2
5160	85.657	947	0 2
5161	178.083	947	0 2
5162	71.753	947	0 2
5163	63.986	947	0 2
5164	30.488	947	
5165	45.225	947	0 2
5166	53.929	947	0 2
5167	40.181	947	0 2
5168	92.950	947	0 2
5169	60.410	947	0 2
5170	85.436	947	0 2
5171	113.747	947	0 2
5172	73.436	947	0 2
5173	51.866	947	0 2
5174	88.850	947	0 2
5175	83.745	947	0 2
5176	108.479	947	0 2
5177	110.891	947	0 2
5178	54.358	947	0 2
5179	92.562	947	0 2
5180	65.442	947	0 2
5181	74.867	947	0 2
5182	181.038	947	
5183	54.468	947	
5184	152.129	947	0 2
5185	123.030	947	0 2
5186	137.045	947	0 2
5187	83.311	947	0 2
5188	138.328	947	0 2
5189	150.235	947	0 2
5190	121.318	947	0 2
5191	170.930	947	0 2
5192	154.304	947	0 2
5193	129.511	947	0 2
5194	153.638	947	0 2
5195	157.949	947	0 2
5196	125.423	947	0 2
5197	131.794	947	0 2
5198	186.261	947	0 2
5199	179.273	947	
5200	69.934	947	0 2
5201	134.268	947	0 2
5202	99.841	947	0 2
5203	124.961	947	0 2
5204	105.582	947	0 2
5205	39.130	947	0 2
5206	55.880	947	0 2
5207	63.426	947	0 2
5208	88.443	947	0 2
5209	87.432	947	0 2
5210	113.043	947	
5211	137.023	947	0 2
5212	142.866	947	0 2
5213	85.094	947	0 2
5214	52.181	947	0 2
5215	120.926	947	0 2
5216	121.727	947	0 2
5217	100.269	947	0 2
5218	124.777	947	0 2
5219	200.773	947	0 2
5220	193.985	947	0 2
5221	69.580	947	0 2
5222	151.032	947	0 2
5223	108.591	947	0 2
5224	124.997	947	0 2
5225	125.517	947	
5226	89.185	947	0 2
5227	131.793	947	0 2
5228	90.501	947	0 2
5229	109.699	947	0 2
5230	142.262	947	
5231	128.501	947	0 2
5232	99.612	947	0 2
5233	139.989	947	0 2
5234	120.649	947	0 2
5235	142.339	947	0 2
5236	122.094	947	0 2
5237	213.245	947	0 2
5238	179.129	947	0 2
5239	202.647	947	0 2
5240	564.198	947	0 2
5241	202.791	947	0 2
5242	180.345	947	0 2
5243	201.307	947	0 2
5244	194.271	947	0 2
5245	75.699	947	0 2
5246	58.244	947	0 2
5247	164.062	947	0 2
5248	74.316	947	0 2
5249	41.695	947	0 2
5250	80.181	947	0 2
5251	22.281	947	0 2
5252	49.488	947	0 2
5253	31.705	947	0 2
5254	59.318	947	0 2
5255	96.042	947	0 2
5256	70.274	947	0 2
5257	91.800	947	0 2
5258	101.113	947	0 2
5259	23.640	947	0 2
5260	64.010	947	0 2
5261	101.071	947	0 2
5262	232.616	947	
5263	128.529	947	0 2
5264	128.668	947	0 2
5265	89.347	947	0 2
5266	149.152	947	0 2
5267	52.054	947	0 2
5268	70.197	947	0 2
5269	227.557	947	0 2
5270	67.353	947	0 2
5271	87.437	947	
5272	102.834	947	0 2
5273	189.593	947	0 2
5274	229.265	947	0 2
5275	207.130	947	0 2
5276	220.749	947	0 2
5277	227.457	947	0 2
5278	185.846	947	0 2
5279	109.579	947	0 2
5280	136.798	947	0 2
5281	146.570	947	0 2
5282	171.931	947	0 2
5283	145.381	947	0 2
5284	87.157	947	0 2
5285	77.851	947	
5286	96.716	947	0 2
5287	131.590	947	0 2
5288	190.800	947	0 2
5289	157.744	947	0 2
5290	121.670	947	0 2
5291	113.305	947	0 2
5292	168.435	947	0 2
5293	140.975	947	0 2
5294	219.656	947	0 2
5295	22.074	947	0 2
5296	72.562	947	0 2
5297	67.854	947	0 2
5298	155.639	947	0 2
5299	201.195	947	0 2
5300	66.547	947	0 2
5301	154.637	947	0 2
5302	63.215	947	0 2
5303	149.800	947	0 2
5304	222.527	947	0 2
5305	69.086	947	0 2
5306	202.048	947	0 2
5307	153.795	947	0 2
5308	195.021	947	0 2
5309	67.053	947	0 2
5310	84.510	947	0 2
5311	89.441	947	0 2
5312	164.441	947	0 2
5313	67.774	947	0 2
5314	43.579	947	0 2
5315	109.779	947	0 2
5316	104.037	947	0 2
5317	58.590	947	0 2
5318	44.670	947	0 2
5319	17.911	947	0 2
5320	62.206	947	0 2
5321	159.312	947	0 2
5322	137.634	947	0 2
5323	46.854	947	0 2
5324	106.042	947	0 2
5325	23.540	947	0 2
5326	48.587	947	0 2
5327	35.404	947	0 2
5328	53.014	947	0 2
5329	98.829	947	0 2
5330	69.169	947	0 2
5331	99.069	947	0 2
5332	126.176	947	0 2
5333	57.666	947	0 2
5334	21.188	947	0 2
5335	58.923	947	0 2
5336	131.566	947	0 2
5337	109.076	947	0 2
5338	15.769	947	0 2
5339	28.635	947	0 2
5340	10.275	947	
5341	19.168	947	0 2
5342	17.048	947	0 2
5343	51.238	947	0 2
5344	67.300	947	0 2
5345	47.091	947	0 2
5346	32.510	947	0 2
5347	38.189	947	0 2
5348	11.444	947	0 2
5349	50.876	947	0 2
5350	84.717	947	0 2
5351	51.395	947	0 2
5352	122.893	947	0 2
5353	146.071	947	0 2
5354	236.678	947	
5355	114.374	947	0 2
5356	77.049	947	0 2
5357	67.896	947	0 2
5358	105.851	947	0 2
5359	108.018	947	0 2
5360	166.998	947	0 2
5361	171.360	947	
5362	31.775	947	0 2
5363	44.520	947	0 2
5364	42.361	947	0 2
5365	26.425	947	0 2
5366	97.411	947	0 2
5367	176.058	947	0 2
5368	164.099	947	0 2
5369	134.078	947	0 2
5370	188.846	947	0 2
5371	144.542	947	0 2
5372	57.892	947	0 2
5373	31.518	947	0 2
5374	63.817	947	0 2
5375	162.789	947	0 2
5376	108.564	947	0 2
5377	169.512	947	0 2
5378	207.033	947	0 2
5379	71.147	947	0 2
5380	135.650	947	0 2
5381	48.333	947	0 2
5382	50.260	947	0 2
5383	108.913	947	0 2
5384	170.442	947	0 2
5385	175.428	947	0 2
5386	97.475	947	0 2
5387	151.019	947	0 2
5388	145.321	947	0 2
5389	70.150	947	0 2
5390	71.909	947	0 2
5391	107.409	947	0 2
5392	156.732	947	0 2
5393	66.517	947	0 2
5394	55.844	947	0 2
5395	54.593	947	0 2
5396	69.225	947	0 2
5397	88.014	947	0 2
5398	75.370	947	0 2
5399	22.884	947	0 2
5400	55.328	947	0 2
5401	147.511	947	0 2
5402	61.132	947	0 2
5403	151.783	947	0 2
5404	267.786	947	0 2
5405	208.439	947	0 2
5406	170.089	947	0 2
5407	94.203	947	0 2
5408	84.907	947	0 2
5409	140.610	947	0 2
5410	264.742	947	0 2
5411	220.731	947	0 2
5412	115.134	947	0 2
5413	38.455	947	0 2
5414	36.350	947	0 2
5415	77.504	947	0 2
5416	595.775	947	0 2
5417	97.669	947	0 2
5418	154.355	947	0 2
5419	81.318	947	0 2
5420	317.701	947	0 2
5421	138.403	947	0 2
5422	237.782	947	0 2
5423	83.391	947	0 2
5424	90.602	947	0 2
5425	81.187	947	0 2
5426	67.288	947	0 2
5427	131.253	947	0 2
5428	113.173	947	0 2
5429	119.562	947	0 2
5430	60.512	947	0 2
5431	194.908	947	0 2
5432	131.660	947	0 2
5433	111.226	947	0 2
5434	78.270	947	0 2
5435	171.380	947	0 2
5436	169.488	947	0 2
5437	72.759	947	0 2
5438	232.382	947	0 2
5439	307.006	947	
5440	183.408	947	0 2
5441	148.841	947	0 2
5442	164.248	947	0 2
5443	48.724	947	
5444	63.025	947	0 2
5445	109.003	947	0 2
5446	179.248	947	0 2
5447	101.091	947	0 2
5448	117.078	947	0 2
5449	167.259	947	0 2
5450	87.413	947	0 2
5451	102.032	947	0 2
5452	233.571	947	0 2
5453	168.775	947	0 2
5454	226.709	947	0 2
5455	44.044	947	
5456	67.717	947	0 2
5457	66.944	947	0 2
5458	105.134	947	0 2
5459	59.611	947	0 2
5460	55.283	947	0 2
5461	44.166	947	0 2
5462	78.833	947	0 2
5463	120.633	947	0 2
5464	138.295	947	0 2
5465	82.423	947	0 2
5466	62.792	947	0 2
5467	98.355	947	0 2
5468	145.292	947	0 2
5469	205.574	947	0 2
5470	39.784	947	0 2
5471	15.811	947	0 2
5472	44.817	947	0 2
5473	80.045	947	0 2
5474	59.913	947	0 2
5475	172.248	947	0 2
5476	63.298	947	0 2
5477	158.806	947	0 2
5478	36.567	947	0 2
5479	80.809	947	0 2
5480	154.599	947	0 2
5481	161.712	947	0 2
5482	214.102	947	0 2
5483	250.691	947	0 2
5484	154.675	947	0 2
5485	193.528	947	0 2
5486	117.074	947	0 2
5487	187.115	947	0 2
5488	23.960	947	0 2
5489	61.815	947	0 2
5490	60.121	947	0 2
5491	137.441	947	0 2
5492	156.818	947	0 2
5493	44.506	947	0 2
5494	137.872	947	0 2
5495	55.988	947	0 2
5496	93.366	947	0 2
5497	111.291	947	0 2
5498	168.483	947	0 2
5499	48.651	947	0 2
5500	125.212	947	0 2
5501	38.645	947	
5502	67.185	947	0 2
5503	60.803	947	0 2
5504	130.709	947	0 2
5505	208.549	947	0 2
5506	76.581	947	0 2
5507	133.532	947	0 2
5508	131.098	947	0 2
5509	162.948	947	0 2
5510	254.632	947	0 2
5511	23.976	947	0 2
5512	55.991	947	0 2
5513	62.156	947	0 2
5514	166.872	947	0 2
5515	176.477	947	0 2
5516	49.921	947	0 2
5517	104.219	947	0 2
5518	69.621	947	0 2
5519	116.903	947	0 2
5520	72.252	947	0 2
5521	138.216	947	0 2
5522	8.288	947	0 2
5523	24.044	947	0 2
5524	20.963	947	0 2
5525	46.537	947	0 2
5526	39.938	947	0 2
5527	14.451	947	0 2
5528	43.571	947	0 2
5529	60.214	947	0 2
5530	167.465	947	0 2
5531	137.372	947	0 2
5532	211.939	947	0 2
5533	53.934	947	0 2
5534	168.680	947	0 2
5535	14.085	947	0 2
5536	44.268	947	0 2
5537	64.996	947	0 2
5538	157.699	947	0 2
5539	116.396	947	0 2
5540	208.417	947	0 2
5541	239.663	947	0 2
5542	64.613	947	
5543	181.139	947	0 2
5544	85.230	947	0 2
5545	87.956	947	0 2
5546	131.428	947	0 2
5547	17.503	947	0 2
5548	31.115	947	0 2
5549	122.942	947	0 2
5550	163.506	947	0 2
5551	138.916	947	0 2
5552	33.263	947	0 2
5553	154.281	947	0 2
5554	259.123	947	0 2
5555	224.826	947	
5556	32.137	947	0 2
5557	37.878	947	0 2
5558	82.008	947	0 2
5559	67.010	947	0 2
5560	32.891	947	0 2
5561	42.045	947	0 2
5562	49.949	947	0 2
5563	90.932	947	0 2
5564	113.793	947	0 2
5565	70.743	947	0 2
5566	93.488	947	0 2
5567	120.415	947	0 2
5568	36.420	947	0 2
5569	72.151	947	0 2
5570	129.550	947	0 2
5571	216.971	947	0 2
5572	46.889	947	0 2
5573	75.714	947	0 2
5574	139.147	947	0 2
5575	90.122	947	0 2
5576	118.278	947	0 2
5577	82.142	947	0 2
5578	114.491	947	0 2
5579	64.468	947	0 2
5580	75.717	947	0 2
5581	207.272	947	
5582	75.356	947	0 2
5583	42.790	947	0 2
5584	74.206	947	0 2
5585	140.442	947	0 2
5586	143.178	947	0 2
5587	108.271	947	0 2
5588	112.029	947	0 2
5589	116.077	947	0 2
5590	137.968	947	0 2
5591	224.618	947	0 2
5592	30.365	947	0 2
5593	69.963	947	0 2
5594	111.009	947	0 2
5595	243.718	947	
5596	67.662	947	0 2
5597	80.985	947	0 2
5598	75.540	947	0 2
5599	88.186	947	0 2
5600	78.946	947	0 2
5601	31.365	947	0 2
5602	80.022	947	0 2
5603	64.440	947	0 2
5604	98.239	947	0 2
5605	54.975	947	0 2
5606	44.630	947	0 2
5607	79.269	947	0 2
5608	99.972	947	0 2
5609	80.184	947	0 2
5610	99.993	947	0 2
5611	84.591	947	0 2
5612	67.862	947	0 2
5613	98.531	947	0 2
5614	73.228	947	0 2
5615	69.131	947	0 2
5616	86.883	947	0 2
5617	111.099	947	0 2
5618	104.324	947	0 2
5619	103.490	947	0 2
5620	32.480	947	0 2
5621	88.596	947	0 2
5622	89.374	947	0 2
5623	18.972	947	0 2
5624	49.568	947	0 2
5625	45.101	947	0 2
5626	42.815	947	0 2
5627	46.854	947	0 2
5628	13.633	947	0 2
5629	30.846	947	0 2
5630	23.516	947	0 2
5631	21.619	947	0 2
5632	194.089	947	0 2
5633	185.412	947	0 2
5634	316.838	947	0 2
5635	334.146	947	0 2
5636	162.013	947	0 2
5637	99.245	947	0 2
5638	154.567	947	0 2
5639	80.381	947	0 2
5640	133.414	947	0 2
5641	131.500	947	0 2
5642	219.825	947	0 2
5643	210.892	947	0 2
5644	294.081	947	0 2
5645	84.215	947	0 2
5646	77.088	947	0 2
5647	134.569	947	0 2
5648	96.176	947	0 2
5649	99.500	947	0 2
5650	147.790	947	0 2
5651	51.179	947	0 2
5652	95.388	947	0 2
5653	185.095	947	0 2
5654	193.132	947	0 2
5655	267.233	947	0 2
5656	311.318	947	0 2
5657	237.495	947	0 2
5658	118.075	947	0 2
5659	238.603	947	0 2
5660	143.620	947	0 2
5661	202.720	947	0 2
5662	287.582	947	0 2
5663	39.486	947	0 2
5664	156.917	947	0 2
5665	241.498	947	0 2
5666	299.104	947	0 2
5667	146.892	947	0 2
5668	224.356	947	0 2
5669	212.607	947	0 2
5670	108.504	947	0 2
5671	126.746	947	0 2
5672	156.263	947	0 2
5673	168.206	947	0 2
5674	131.013	947	0 2
5675	146.393	947	0 2
5676	133.872	947	0 2
5677	34.816	947	0 2
5678	129.430	947	0 2
5679	102.089	947	0 2
5680	106.513	947	0 2
5681	172.555	947	0 2
5682	97.157	947	0 2
5683	285.984	947	0 2
5684	213.383	947	0 2
5685	157.774	947	0 2
5686	84.772	947	0 2
5687	100.983	947	0 2
5688	43.479	947	0 2
5689	153.857	947	0 2
5690	176.411	947	0 2
5691	155.086	947	0 2
5692	188.890	947	0 2
5693	77.248	947	0 2
5694	200.373	947	0 2
5695	182.575	947	0 2
5696	105.892	947	0 2
5697	281.510	947	0 2
5698	143.589	947	0 2
5699	83.435	947	0 2
5700	125.982	947	0 2
5701	139.139	947	0 2
5702	170.135	947	0 2
5703	66.287	947	0 2
5704	240.767	947	0 2
5705	79.213	947	0 2
5706	117.288	947	0 2
5707	155.989	947	0 2
5708	29.928	947	0 2
5709	66.126	947	0 2
5710	51.867	947	0 2
5711	149.419	947	0 2
5712	161.364	947	0 2
5713	188.911	947	0 2
5714	51.361	947	0 2
5715	164.185	947	0 2
5716	64.697	947	0 2
5717	191.809	947	0 2
5718	242.555	947	0 2
5719	297.583	947	0 2
5720	120.481	947	
5721	91.882	947	0 2
5722	152.256	947	0 2
5723	215.100	947	0 2
5724	141.436	947	0 2
5725	192.822	947	
5726	133.066	947	0 2
5727	254.974	947	0 2
5728	95.144	947	0 2
5729	68.621	947	0 2
5730	147.627	947	0 2
5731	245.324	947	0 2
5732	272.978	947	0 2
5733	135.019	947	0 2
5734	153.362	947	0 2
5735	132.104	947	0 2
5736	114.372	947	0 2
5737	104.008	947	0 2
5738	69.257	947	0 2
5739	89.247	947	
5740	30.146	947	0 2
5741	101.780	947	0 2
5742	162.085	947	0 2
5743	137.464	947	
5744	167.969	947	0 2
5745	71.939	947	0 2
5746	188.776	947	0 2
5747	90.292	947	0 2
5748	89.869	947	0 2
5749	90.757	947	
5750	105.232	947	
5751	70.281	947	0 2
5752	51.874	947	0 2
5753	55.806	947	0 2
5754	42.867	947	0 2
5755	74.805	947	0 2
5756	58.616	947	0 2
5757	76.811	947	
5758	77.247	947	0 2
5759	64.261	947	0 2
5760	66.593	947	0 2
5761	65.332	947	0 2
5762	103.011	947	0 2
5763	92.288	947	0 2
5764	117.563	947	0 2
5765	67.648	947	0 2
5766	78.726	947	0 2
5767	99.609	947	0 2
5768	25.753	947	0 2
5769	78.984	947	0 2
5770	1220.979	947	
5771	81.379	947	0 2
5772	64.777	947	0 2
5773	25.356	947	0 2
5774	48.106	947	0 2
5775	8.798	947	0 2
5776	16.929	947	0 2
5777	10.956	947	0 2
5778	9.634	947	
5779	41.079	947	
5780	50.519	947	0 2
5781	85.107	947	0 2
5782	85.568	947	0 2
5783	44.491	947	0 2
5784	46.588	947	0 2
5785	70.372	947	0 2
5786	71.167	947	0 2
5787	65.428	947	0 2
5788	79.314	947	0 2
5789	52.552	947	0 2
5790	85.152	947	
5791	56.814	947	0 2
5792	37.804	947	0 2
5793	42.132	947	0 2
5794	36.823	947	0 2
5795	40.423	947	0 2
5796	85.456	947	0 2
5797	72.302	947	0 2
5798	86.158	947	0 2
5799	39.366	947	0 2
5800	17.655	947	0 2
5801	27.892	947	
5802	34.529	947	0 2
5803	84.868	947	0 2
5804	112.380	947	0 2
5805	107.601	947	0 2
5806	20.905	947	0 2
5807	34.992	947	0 2
5808	136.956	947	0 2
5809	29.874	947	0 2
5810	91.652	947	0 2
5811	46.709	947	0 2
5812	31.826	947	0 2
5813	137.896	947	0 2
5814	161.922	947	0 2
5815	40.947	947	0 2
5816	51.224	947	0 2
5817	95.125	947	0 2
5818	124.860	947	0 2
5819	9.924	947	0 2
5820	23.732	947	0 2
5821	74.809	947	0 2
5822	100.897	947	0 2
5823	131.480	947	0 2
5824	138.354	947	0 2
5825	64.661	947	0 2
5826	49.059	947	0 2
5827	56.611	947	0 2
5828	118.678	947	0 2
5829	40.152	947	0 2
5830	52.494	947	0 2
5831	117.603	947	0 2
5832	20.750	947	0 2
5833	155.194	947	0 2
5834	99.554	947	0 2
5835	249.260	947	0 2
5836	343.940	947	0 2
5837	244.839	947	0 2
5838	171.700	947	0 2
5839	246.955	947	
5840	118.945	947	0 2
5841	165.895	947	0 2
5842	164.237	947	0 2
5843	108.553	947	0 2
5844	168.120	947	
5845	170.414	947	0 2
5846	163.915	947	0 2
5847	158.208	947	0 2
5848	90.949	947	0 2
5849	179.755	947	0 2
5850	208.980	947	0 2
5851	107.295	947	0 2
5852	125.779	947	0 2
5853	112.263	947	0 2
5854	57.337	947	0 2
5855	110.434	947	0 2
5856	150.895	947	0 2
5857	74.215	947	0 2
5858	97.308	947	0 2
5859	84.524	947	0 2
5860	254.833	947	0 2
5861	112.197	947	0 2
5862	121.271	947	0 2
5863	276.525	947	0 2
5864	134.021	947	0 2
5865	222.120	947	0 2
5866	159.123	947	0 2
5867	215.016	947	0 2
5868	136.354	947	0 2
5869	206.004	947	0 2
5870	201.251	947	0 2
5871	162.258	947	0 2
5872	112.376	947	0 2
5873	189.937	947	0 2
5874	301.605	947	0 2
5875	260.610	947	0 2
5876	127.304	947	0 2
5877	143.634	947	0 2
5878	109.739	947	0 2
5879	129.584	947	0 2
5880	105.262	947	0 2
5881	102.980	947	0 2
5882	116.747	947	0 2
5883	92.607	947	0 2
5884	92.535	947	0 2
5885	151.304	947	0 2
5886	25.797	947	
5887	102.266	947	0 2
5888	36.328	947	0 2
5889	117.969	947	0 2
5890	41.226	947	0 2
5891	179.602	947	0 2
5892	163.595	947	0 2
5893	270.336	947	0 2
5894	120.747	947	0 2
5895	95.299	947	0 2
5896	137.913	947	0 2
5897	96.552	947	0 2
5898	130.493	947	0 2
5899	153.930	947	0 2
5900	363.167	947	0 2
5901	148.682	947	0 2
5902	68.301	947	0 2
5903	94.271	947	0 2
5904	92.837	947	0 2
5905	9.633	947	0 2
5906	85.621	947	0 2
5907	54.159	947	0 2
5908	15.952	947	0 2
5909	67.690	947	0 2
5910	95.653	947	0 2
5911	18.599	947	0 2
5912	84.305	947	0 2
5913	57.189	947	0 2
5914	116.575	947	0 2
5915	153.385	947	0 2
5916	98.916	947	0 2
5917	90.697	947	0 2
5918	122.500	947	0 2
5919	70.560	947	0 2
5920	146.627	947	0 2
5921	117.074	947	0 2
5922	26.016	947	0 2
5923	11.894	947	0 2
5924	74.602	947	0 2
5925	28.508	947	0 2
5926	10.024	947	0 2
5927	82.977	947	0 2
5928	52.593	947	0 2
5929	17.452	947	0 2
5930	80.867	947	0 2
5931	105.726	947	0 2
5932	57.558	947	0 2
5933	20.619	947	0 2
5934	113.342	947	0 2
5935	33.967	947	0 2
5936	20.104	947	0 2
5937	93.276	947	0 2
5938	63.422	947	0 2
5939	54.209	947	0 2
5940	114.051	947	0 2
5941	80.987	947	0 2
5942	56.347	947	0 2
5943	57.935	947	0 2
5944	118.097	947	0 2
5945	109.188	947	0 2
5946	127.039	947	0 2
5947	89.982	947	0 2
5948	95.313	947	0 2
5949	93.084	947	0 2
5950	46.565	947	0 2
5951	49.386	947	0 2
5952	88.302	947	0 2
5953	65.380	947	0 2
5954	105.435	947	
5955	71.460	947	0 2
5956	64.224	947	0 2
5957	144.551	947	0 2
5958	135.949	947	0 2
5959	86.613	947	
5960	112.286	947	0 2
5961	132.785	947	0 2
5962	137.518	947	0 2
5963	55.580	947	0 2
5964	21.741	947	0 2
5965	39.664	947	0 2
5966	95.644	947	0 2
5967	73.867	947	0 2
5968	104.651	947	0 2
5969	107.757	947	0 2
5970	64.386	947	0 2
5971	192.672	947	0 2
5972	113.050	947	0 2
5973	47.204	947	0 2
5974	118.210	947	0 2
5975	81.283	947	0 2
5976	169.533	947	0 2
5977	167.928	947	0 2
5978	137.101	947	0 2
5979	133.454	947	
5980	150.178	947	0 2
5981	108.026	947	0 2
5982	169.180	947	0 2
5983	127.761	947	0 2
5984	175.548	947	0 2
5985	192.040	947	0 2
5986	279.858	947	0 2
5987	195.285	947	0 2
5988	144.845	947	0 2
5989	133.195	947	0 2
5990	188.576	947	0 2
5991	228.096	947	0 2
5992	196.072	947	0 2
5993	197.345	947	0 2
5994	343.045	947	0 2
5995	211.842	947	0 2
5996	213.957	947	0 2
5997	318.547	947	0 2
5998	250.825	947	0 2
5999	305.528	947	0 2
6000	201.975	947	0 2
6001	49.363	947	0 2
6002	61.921	947	0 2
6003	76.666	947	0 2
6004	88.924	947	0 2
6005	77.944	947	0 2
6006	90.807	947	0 2
6007	88.103	947	0 2
6008	67.757	947	0 2
6009	90.090	947	0 2
6010	19.177	947	0 2
6011	145.183	947	0 2
6012	98.892	947	0 2
6013	60.127	947	
6014	81.769	947	0 2
6015	50.926	947	0 2
6016	76.089	947	0 2
6017	128.415	947	0 2
6018	80.514	947	0 2
6019	65.013	947	0 2
6020	122.318	947	0 2
6021	81.793	947	
6022	123.098	947	0 2
6023	120.191	947	0 2
6024	184.583	947	0 2
6025	108.943	947	0 2
6026	187.848	947	0 2
6027	102.962	947	0 2
6028	181.825	947	0 2
6029	100.710	947	0 2
6030	273.521	947	0 2
6031	51.245	947	0 2
6032	119.664	947	0 2
6033	106.629	947	0 2
6034	102.773	947	0 2
6035	152.865	947	0 2
6036	92.282	947	0 2
6037	156.153	947	0 2
6038	66.566	947	
6039	126.440	947	0 2
6040	70.220	947	0 2
6041	83.732	947	0 2
6042	135.615	947	0 2
6043	136.929	947	0 2
6044	78.255	947	0 2
6045	68.034	947	0 2
6046	47.825	947	0 2
6047	91.984	947	0 2
6048	92.250	947	0 2
6049	134.598	947	0 2
6050	179.576	947	0 2
6051	127.487	947	0 2
6052	102.480	947	0 2
6053	86.004	947	0 2
6054	21.910	947	0 2
6055	81.596	947	0 2
6056	32.304	947	0 2
6057	84.725	947	0 2
6058	36.096	947	0 2
6059	132.747	947	0 2
6060	37.810	947	0 2
6061	129.873	947	0 2
6062	138.990	947	0 2
6063	211.778	947	0 2
6064	142.201	947	0 2
6065	86.936	947	0 2
6066	107.562	947	0 2
6067	124.363	947	
6068	98.765	947	0 2
6069	146.798	947	0 2
6070	158.046	947	0 2
6071	34.672	947	0 2
6072	84.994	947	0 2
6073	14.608	947	0 2
6074	33.614	947	0 2
6075	53.867	947	
6076	46.474	947	0 2
6077	89.089	947	0 2
6078	44.423	947	0 2
6079	61.325	947	0 2
6080	94.709	947	0 2
6081	89.239	947	0 2
6082	89.988	947	0 2
6083	66.004	947	0 2
6084	163.830	947	0 2
6085	37.665	947	0 2
6086	90.335	947	0 2
6087	37.143	947	0 2
6088	57.096	947	0 2
6089	50.631	947	0 2
6090	68.227	947	0 2
6091	122.907	947	0 2
6092	119.197	947	0 2
6093	77.702	947	0 2
6094	133.269	947	0 2
6095	67.478	947	0 2
6096	162.806	947	0 2
6097	151.513	947	0 2
6098	267.526	947	0 2
6099	94.160	947	0 2
6100	192.965	947	0 2
6101	28.798	947	0 2
6102	81.107	947	0 2
6103	104.034	947	0 2
6104	44.486	947	0 2
6105	94.232	947	0 2
6106	192.190	947	
6107	109.948	947	0 2
6108	192.731	947	0 2
6109	186.791	947	0 2
6110	276.394	947	0 2
6111	77.365	947	
6112	100.502	947	0 2
6113	94.886	947	0 2
6114	110.662	947	0 2
6115	89.450	947	0 2
6116	44.072	947	0 2
6117	132.574	947	
6118	134.962	947	0 2
6119	172.700	947	0 2
6120	131.013	947	0 2
6121	108.875	947	0 2
6122	64.382	947	0 2
6123	121.456	947	0 2
6124	49.560	947	0 2
6125	61.072	947	0 2
6126	61.934	947	0 2
6127	88.030	947	0 2
6128	33.695	947	0 2
6129	79.216	947	0 2
6130	22.733	947	0 2
6131	90.268	947	0 2
6132	37.235	947	0 2
6133	65.328	947	0 2
6134	101.291	947	0 2
6135	20.544	947	0 2
6136	64.761	947	0 2
6137	54.903	947	
6138	100.374	947	0 2
6139	127.406	947	0 2
6140	70.808	947	0 2
6141	88.678	947	0 2
6142	114.287	947	0 2
6143	136.922	947	0 2
6144	94.672	947	0 2
6145	130.354	947	0 2
6146	35.554	947	0 2
6147	141.104	947	0 2
6148	40.054	947	0 2
6149	118.770	947	0 2
6150	79.287	947	0 2
6151	102.984	947	
6152	128.362	947	0 2
6153	120.244	947	0 2
6154	238.637	947	0 2
6155	205.146	947	0 2
6156	69.303	947	0 2
6157	165.939	947	0 2
6158	69.157	947	0 2
6159	119.597	947	0 2
6160	32.621	947	0 2
6161	102.627	947	0 2
6162	113.429	947	
6163	120.081	947	0 2
6164	79.547	947	0 2
6165	229.902	947	0 2
6166	154.986	947	0 2
6167	182.007	947	0 2
6168	30.108	947	0 2
6169	65.853	947	0 2
6170	49.653	947	0 2
6171	15.028	947	0 2
6172	86.828	947	0 2
6173	62.198	947	0 2
6174	103.109	947	0 2
6175	91.502	947	
6176	94.051	947	0 2
6177	179.919	947	0 2
6178	58.229	947	0 2
6179	38.926	947	0 2
6180	80.563	947	0 2
6181	62.885	947	0 2
6182	43.275	947	0 2
6183	138.452	947	
6184	144.908	947	0 2
6185	225.832	947	0 2
6186	350.382	947	0 2
6187	207.941	947	
6188	85.656	947	0 2
6189	187.434	947	0 2
6190	251.594	947	0 2
6191	192.661	947	0 2
6192	69.066	947	0 2
6193	125.617	947	0 2
6194	109.006	947	0 2
6195	92.538	947	0 2
6196	199.155	947	0 2
6197	269.346	947	0 2
6198	238.918	947	0 2
6199	131.439	947	
6200	156.656	947	0 2
6201	163.440	947	0 2
6202	174.643	947	0 2
6203	88.543	947	0 2
6204	63.451	947	0 2
6205	110.708	947	0 2
6206	212.527	947	0 2
6207	182.218	947	0 2
6208	122.164	947	0 2
6209	252.457	947	0 2
6210	189.587	947	0 2
6211	124.010	947	0 2
6212	208.454	947	0 2
6213	152.554	947	0 2
6214	96.700	947	0 2
6215	140.524	947	0 2
6216	199.603	947	0 2
6217	148.765	947	
6218	45.330	947	0 2
6219	70.637	947	
6220	108.463	947	0 2
6221	191.928	947	0 2
6222	241.253	947	0 2
6223	87.334	947	0 2
6224	205.556	947	0 2
6225	233.786	947	0 2
6226	72.580	947	0 2
6227	208.397	947	0 2
6228	199.283	947	0 2
6229	242.254	947	0 2
6230	121.549	947	0 2
6231	262.256	947	0 2
6232	120.999	947	0 2
6233	55.907	947	0 2
6234	182.588	947	0 2
6235	109.521	947	0 2
6236	250.788	947	0 2
6237	159.302	947	0 2
6238	179.299	947	0 2
6239	128.591	947	0 2
6240	150.189	947	0 2
6241	68.024	947	0 2
6242	108.073	947	0 2
6243	116.920	947	0 2
6244	127.682	947	0 2
6245	204.605	947	0 2
6246	88.603	947	0 2
6247	199.817	947	0 2
6248	99.886	947	
6249	93.714	947	0 2
6250	118.841	947	0 2
6251	256.551	947	
6252	236.211	947	0 2
6253	194.308	947	0 2
6254	128.701	947	0 2
6255	149.028	947	0 2
6256	209.221	947	0 2
6257	255.093	947	0 2
6258	248.084	947	
6259	71.834	947	0 2
6260	89.291	947	0 2
6261	219.080	947	0 2
6262	157.071	947	0 2
6263	217.133	947	0 2
6264	138.435	947	0 2
6265	137.209	947	0 2
6266	195.166	947	0 2
6267	196.058	947	0 2
6268	81.811	947	0 2
6269	149.870	947	0 2
6270	74.679	947	0 2
6271	136.079	947	0 2
6272	200.283	947	0 2
6273	98.613	947	0 2
6274	213.714	947	0 2
6275	121.613	947	0 2
6276	163.497	947	0 2
6277	111.401	947	0 2
6278	34.154	947	0 2
6279	36.142	947	0 2
6280	107.236	947	0 2
6281	79.213	947	0 2
6282	141.457	947	0 2
6283	172.403	947	0 2
6284	149.622	947	
6285	164.732	947	0 2
6286	28.390	947	0 2
6287	122.044	947	0 2
6288	105.903	947	0 2
6289	52.648	947	0 2
6290	85.182	947	0 2
6291	140.974	947	0 2
6292	137.121	947	0 2
6293	116.516	947	
6294	159.079	947	0 2
6295	64.180	947	0 2
6296	63.511	947	0 2
6297	83.381	947	0 2
6298	63.884	947	0 2
6299	52.257	947	0 2
6300	122.696	947	
6301	124.420	947	0 2
6302	69.459	947	0 2
6303	124.813	947	0 2
6304	83.961	947	0 2
6305	158.306	947	0 2
6306	94.698	947	0 2
6307	122.123	947	0 2
6308	92.175	947	0 2
6309	80.483	947	0 2
6310	165.141	947	0 2
6311	57.110	947	0 2
6312	110.054	947	0 2
6313	52.784	947	0 2
6314	98.429	947	0 2
6315	69.872	947	0 2
6316	58.043	947	0 2
6317	131.446	947	0 2
6318	151.376	947	0 2
6319	111.407	947	0 2
6320	84.575	947	0 2
6321	91.248	947	0 2
6322	139.897	947	0 2
6323	113.328	947	0 2
6324	46.127	947	0 2
6325	125.635	947	0 2
6326	118.810	947	0 2
6327	132.174	947	
6328	206.982	947	0 2
6329	69.405	947	0 2
6330	213.364	947	0 2
6331	58.100	947	0 2
6332	62.004	947	0 2
6333	74.949	947	0 2
6334	58.191	947	0 2
6335	50.907	947	0 2
6336	79.853	947	0 2
6337	67.741	947	0 2
6338	68.163	947	0 2
6339	100.035	947	0 2
6340	86.049	947	0 2
6341	41.837	947	0 2
6342	31.511	947	0 2
6343	43.310	947	0 2
6344	55.403	947	0 2
6345	65.271	947	0 2
6346	59.556	947	0 2
6347	64.901	947	0 2
6348	62.582	947	0 2
6349	42.975	947	
6350	67.248	947	0 2
6351	137.694	947	0 2
6352	124.948	947	0 2
6353	95.799	947	0 2
6354	125.524	947	0 2
6355	53.804	947	0 2
6356	38.056	947	0 2
6357	73.850	947	0 2
6358	118.352	947	0 2
6359	118.856	947	0 2
6360	76.611	947	0 2
6361	114.470	947	0 2
6362	113.687	947	0 2
6363	55.775	947	0 2
6364	84.270	947	0 2
6365	12.480	947	0 2
6366	19.113	947	0 2
6367	76.026	947	0 2
6368	58.988	947	0 2
6369	153.135	947	0 2
6370	40.676	947	0 2
6371	47.506	947	0 2
6372	60.458	947	0 2
6373	114.981	947	0 2
6374	17.094	947	0 2
6375	78.567	947	0 2
6376	31.030	947	0 2
6377	55.043	947	0 2
6378	113.343	947	0 2
6379	10.632	947	0 2
6380	64.750	947	0 2
6381	32.474	947	0 2
6382	86.156	947	0 2
6383	38.753	947	0 2
6384	143.996	947	0 2
6385	112.845	947	0 2
6386	81.433	947	0 2
6387	106.035	947	0 2
6388	19.792	947	0 2
6389	118.199	947	0 2
6390	50.569	947	0 2
6391	142.412	947	0 2
6392	37.737	947	0 2
6393	96.153	947	0 2
6394	47.302	947	0 2
6395	72.905	947	0 2
6396	82.455	947	0 2
6397	52.101	947	0 2
6398	68.970	947	0 2
6399	75.908	947	0 2
6400	83.854	947	0 2
6401	89.112	947	0 2
6402	85.199	947	0 2
6403	96.014	947	0 2
6404	124.326	947	0 2
6405	110.370	947	0 2
6406	41.032	947	0 2
6407	65.354	947	0 2
6408	84.649	947	0 2
6409	57.554	947	0 2
6410	79.177	947	0 2
6411	98.146	947	
6412	53.378	947	0 2
6413	57.628	947	0 2
6414	15.608	947	0 2
6415	89.041	947	0 2
6416	56.636	947	0 2
6417	56.169	947	0 2
6418	111.957	947	0 2
6419	119.462	947	0 2
6420	117.541	947	0 2
6421	99.709	947	0 2
6422	103.866	947	0 2
6423	62.922	947	0 2
6424	93.777	947	0 2
6425	84.364	947	0 2
6426	52.288	947	0 2
6427	97.390	947	0 2
6428	0.000	947	0 2
6429	0.000	947	0 2
6430	0.000	947	0 2
6431	0.000	947	0 2
6432	0.000	947	0 2
6433	0.000	947	0 2
6434	50.852	947	0 2
6435	41.690	947	0 2
6436	99.878	947	0 2
6437	48.227	947	0 2
6438	77.021	947	0 2
6439	64.374	947	0 2
6440	48.757	947	0 2
6441	57.289	947	0 2
6442	49.423	947	0 2
6443	49.738	947	0 2
6444	64.413	947	0 2
6445	20.858	947	0 2
6446	166.083	947	
6447	69.775	947	0 2
6448	69.655	947	0 2
6449	16.671	947	0 2
6450	42.065	947	0 2
6451	72.807	947	0 2
6452	88.568	947	none
6453	103.301	947	0 2
6454	35.940	947	0 2
6455	53.463	947	0 2
6456	33.663	947	0 2
6457	45.169	947	0 2
6458	40.880	947	0 2
6459	30.411	947	0 2
6460	35.491	947	0 2
6461	38.772	947	
6462	5.240	947	0 2
6463	33.359	947	0 2
6464	29.499	947	0 2
6465	23.086	947	0 2
6466	55.492	947	0 2
6467	230.537	947	
6468	101.105	947	0 2
6469	173.623	947	
6470	102.912	947	0 2
6471	289.599	947	
6472	68.541	947	0 2
6473	70.398	947	0 2
6474	45.480	947	0 2
6475	69.062	947	0 2
6476	33.246	947	0 2
6477	33.017	947	0 2
6478	48.712	947	0 2
6479	31.553	947	0 2
6480	107.618	947	0 2
6481	63.882	947	0 2
6482	99.107	947	0 2
6483	201.265	947	
6484	35.106	947	0 2
6485	67.057	947	0 2
6486	23.694	947	0 2
6487	30.939	947	0 2
6488	27.177	947	0 2
6489	21.182	947	0 2
6490	36.835	947	0 2
6491	0.000	947	0 2
6492	0.000	947	0 2
6493	0.000	947	0 2
6494	0.000	947	0 2
6495	0.000	947	0 2
6496	0.000	947	0 2
6497	0.000	947	0 2
6498	0.000	947	0 2
6499	0.000	947	0 2
6500	0.000	947	0 2
6501	0.000	947	0 2
6502	0.000	947	0 2
6503	0.000	947	0 2
6504	0.000	947	0 2
6505	0.000	947	0 2
6506	0.000	947	0 2
6507	0.000	947	0 2
6508	0.000	947	0 2
6509	0.000	947	0 2
6510	0.000	947	0 2
6511	0.000	947	0 2
6512	0.000	947	0 2
6513	0.000	947	0 2
6514	0.000	947	0 2
6515	0.000	947	0 2
6516	0.000	947	0 2
6517	0.000	947	0 2
6518	0.000	947	0 2
6519	109.419	947	0 2
6520	113.054	947	0 2
6521	77.066	947	0 2
6522	104.710	947	0 2
6523	114.511	947	0 2
6524	57.970	947	0 2
6525	118.079	947	0 2
6526	25.543	947	0 2
6527	96.275	947	0 2
6528	72.587	947	0 2
6529	101.083	947	0 2
6530	100.977	947	0 2
6531	34.745	947	0 2
6532	76.311	947	0 2
6533	31.126	947	0 2
6534	37.293	947	0 2
6535	44.741	947	0 2
6536	25.924	947	0 2
6537	71.690	947	0 2
6538	101.654	947	0 2
6539	106.856	947	0 2
6540	124.811	947	0 2
6541	80.923	947	0 2
6542	39.729	947	0 2
6543	61.155	947	0 2
6544	0.000	947	0 2
6545	0.000	947	0 2
6546	0.001	947	0 2
6547	0.000	947	0 2
6548	0.000	947	0 2
6549	0.000	947	0 2
6550	0.000	947	0 2
6551	0.000	947	0 2
6552	0.000	947	0 2
6553	141.472	947	
6554	1374.160	947	
6555	0.000	947	0 2
6556	0.000	947	0 2
6557	0.000	947	0 2
6558	0.000	947	0 2
6559	38.683	947	0 2
6560	29.251	947	0 2
6561	88.680	947	0 2
6562	145.573	947	0 2
6563	68.415	947	0 2
6564	93.335	947	0 2
6565	34.969	947	0 2
6566	41.922	947	0 2
6567	78.123	947	0 2
6568	95.705	947	0 2
6569	66.641	947	0 2
6570	86.827	947	0 2
6571	61.568	947	0 2
6572	60.807	947	0 2
6573	86.223	947	0 2
6574	63.067	947	0 2
6575	55.251	947	0 2
6576	106.381	947	
6577	112.924	947	0 2
6578	172.647	947	0 2
6579	147.217	947	0 2
6580	70.981	947	0 2
6581	72.184	947	0 2
6582	129.006	947	0 2
6583	119.619	947	0 2
6584	150.488	947	
6585	117.684	947	0 2
6586	0.000	947	0 2
6587	68.206	947	0 2
6588	42.935	947	0 2
6589	113.804	947	0 2
6590	119.887	947	0 2
6591	84.303	947	0 2
6592	97.112	947	0 2
6593	50.621	947	0 2
6594	151.128	947	0 2
6595	52.189	947	0 2
6596	46.079	947	0 2
6597	41.331	947	0 2
6598	34.656	947	0 2
6599	71.752	947	0 2
6600	39.520	947	0 2
6601	59.232	947	0 2
6602	100.251	947	0 2
6603	100.723	947	0 2
6604	88.659	947	0 2
6605	59.907	947	0 2
6606	83.055	947	0 2
6607	73.181	947	0 2
6608	108.536	947	0 2
6609	106.542	947	0 2
6610	105.785	947	0 2
6611	58.474	947	0 2
6612	67.362	947	0 2
6613	89.234	947	0 2
6614	68.836	947	0 2
6615	33.833	947	0 2
6616	57.043	947	0 2
6617	54.374	947	0 2
6618	42.381	947	
6619	53.718	947	0 2
6620	51.561	947	0 2
6621	93.089	947	0 2
6622	79.050	947	0 2
6623	142.698	947	0 2
6624	58.423	947	0 2
6625	27.805	947	0 2
6626	99.140	947	
6627	43.647	947	0 2
6628	0.000	947	0 2
6629	67.690	947	0 2
6630	87.280	947	0 2
6631	147.216	947	0 2
6632	97.203	947	0 2
6633	58.167	947	0 2
6634	145.604	947	0 2
6635	149.338	947	0 2
6636	154.028	947	0 2
6637	130.271	947	0 2
6638	68.330	947	0 2
6639	57.893	947	0 2
6640	42.925	947	0 2
6641	176.691	947	0 2
6642	91.807	947	0 2
6643	74.332	947	0 2
6644	54.479	947	0 2
6645	68.779	947	0 2
6646	78.706	947	0 2
6647	50.500	947	0 2
6648	43.694	947	0 2
6649	212.915	947	0 2
6650	89.314	947	0 2
6651	107.464	947	0 2
6652	84.946	947	0 2
6653	49.419	947	0 2
6654	195.851	947	
6655	129.611	947	0 2
6656	66.898	947	0 2
6657	158.193	947	0 2
6658	122.221	947	0 2
6659	0.000	947	0 2
6660	111.212	947	0 2
6661	38.809	947	0 2
6662	112.187	947	0 2
6663	193.642	947	0 2
6664	152.841	947	
6665	21.249	947	
6666	57.068	947	0 2
6667	189.788	947	0 2
6668	77.284	947	0 2
6669	106.574	947	0 2
6670	42.056	947	0 2
6671	34.156	947	0 2
6672	76.724	947	0 2
6673	73.512	947	0 2
6674	120.113	947	0 2
6675	127.199	947	0 2
6676	171.561	947	0 2
6677	128.254	947	0 2
6678	81.980	947	0 2
6679	146.704	947	0 2
6680	75.595	947	0 2
6681	121.272	947	0 2
6682	151.641	947	0 2
6683	96.240	947	0 2
6684	139.872	947	0 2
6685	84.887	947	0 2
6686	76.989	947	0 2
6687	68.479	947	0 2
6688	106.594	947	0 2
6689	123.338	947	0 2
6690	125.345	947	0 2
6691	90.605	947	0 2
6692	119.791	947	0 2
6693	63.244	947	0 2
6694	50.916	947	0 2
6695	111.018	947	0 2
6696	100.111	947	0 2
6697	101.025	947	0 2
6698	132.382	947	0 2
6699	127.117	947	0 2
6700	116.451	947	0 2
6701	59.382	947	0 2
6702	55.763	947	0 2
6703	31.572	947	0 2
6704	62.144	947	0 2
6705	153.896	947	none
6706	173.661	947	0 2
6707	82.732	947	0 2
6708	67.977	947	0 2
6709	143.886	947	0 2
6710	215.380	947	0 2
6711	46.612	947	0 2
6712	72.446	947	0 2
6713	99.524	947	0 2
6714	130.503	947	0 2
6715	84.301	947	0 2
6716	53.917	947	0 2
6717	133.759	947	none
6718	44.196	947	0 2
6719	45.709	947	0 2
6720	49.681	947	0 2
6721	155.076	947	0 2
6722	56.582	947	0 2
6723	150.069	947	0 2
6724	19.851	947	0 2
6725	69.275	947	0 2
6726	206.800	947	0 2
6727	89.957	947	0 2
6728	121.603	947	0 2
6729	131.955	947	
6730	144.788	947	
6731	28.317	947	0 2
6732	97.727	947	0 2
6733	86.979	947	0 2
6734	201.204	947	0 2
6735	200.675	947	
6736	223.521	947	0 2
6737	85.387	947	0 2
6738	53.778	947	0 2
6739	105.822	947	0 2
6740	192.962	947	0 2
6741	69.201	947	0 2
6742	163.461	947	0 2
6743	93.520	947	0 2
6744	14.216	947	0 2
6745	36.234	947	0 2
6746	228.572	947	0 2
6747	159.581	947	0 2
6748	174.340	947	0 2
6749	47.400	947	0 2
6750	65.733	947	0 2
6751	158.727	947	0 2
6752	128.828	947	0 2
6753	270.540	947	
6754	84.349	947	0 2
6755	210.900	947	0 2
6756	21.489	947	0 2
6757	44.365	947	0 2
6758	77.855	947	
6759	82.019	947	0 2
6760	121.928	947	0 2
6761	45.359	947	0 2
6762	99.841	947	0 2
6763	67.392	947	0 2
6764	130.499	947	
6765	128.329	947	0 2
6766	118.740	947	0 2
6767	131.166	947	0 2
6768	31.404	947	0 2
6769	105.398	947	0 2
6770	63.502	947	0 2
6771	95.122	947	0 2
6772	41.788	947	0 2
6773	114.583	947	0 2
6774	69.150	947	0 2
6775	124.355	947	0 2
6776	54.984	947	0 2
6777	44.369	947	0 2
6778	23.543	947	0 2
6779	194.330	947	0 2
6780	178.316	947	0 2
6781	168.356	947	0 2
6782	51.795	947	0 2
6783	101.993	947	0 2
6784	87.417	947	0 2
6785	132.321	947	0 2
6786	145.377	947	0 2
6787	117.119	947	0 2
6788	131.670	947	
6789	61.368	947	0 2
6790	135.997	947	0 2
6791	111.593	947	0 2
6792	163.872	947	0 2
6793	112.974	947	0 2
6794	111.370	947	0 2
6795	151.999	947	0 2
6796	159.134	947	0 2
6797	109.557	947	0 2
6798	96.735	947	0 2
6799	68.720	947	0 2
6800	17.849	947	0 2
6801	0.000	947	0 2
6802	67.940	947	
6803	0.000	947	0 2
6804	162.931	947	
6805	0.000	947	0 2
6806	68.251	947	0 2
6807	79.913	947	0 2
6808	79.169	947	0 2
6809	53.530	947	0 2
6810	71.683	947	0 2
6811	73.044	947	0 2
6812	91.738	947	0 2
6813	0.000	947	0 2
6814	0.000	947	0 2
6815	0.000	947	0 2
6816	67.130	947	0 2
6817	56.041	947	0 2
6818	72.431	947	0 2
6819	95.253	947	0 2
6820	89.407	947	0 2
6821	62.704	947	0 2
6822	84.761	947	0 2
6823	26.888	947	0 2
6824	85.334	947	0 2
6825	68.993	947	0 2
6826	91.079	947	0 2
6827	101.255	947	0 2
6828	32.636	947	0 2
6829	44.233	947	0 2
6830	9.597	947	0 2
6831	10.598	947	0 2
6832	11.880	947	0 2
6833	11.603	947	0 2
6834	20.055	947	0 2
6835	73.380	947	0 2
6836	103.722	947	
6837	78.660	947	0 2
6838	41.145	947	0 2
6839	8.719	947	0 2
6840	15.215	947	0 2
6841	0.000	947	0 2
6842	0.000	947	0 2
6843	0.000	947	0 2
6844	0.000	947	0 2
6845	0.000	947	0 2
6846	0.000	947	0 2
6847	0.000	947	0 2
6848	0.000	947	0 2
6849	0.000	947	0 2
6850	0.000	947	0 2
6851	0.000	947	0 2
6852	0.000	947	0 2
6853	0.000	947	0 2
6854	0.000	947	0 2
6855	0.000	947	0 2
6856	70.689	947	0 2
6857	65.653	947	0 2
6858	112.391	947	0 2
6859	55.992	947	0 2
6860	55.124	947	0 2
6861	73.881	947	0 2
6862	90.848	947	0 2
6863	71.782	947	0 2
6864	81.206	947	0 2
6865	69.872	947	0 2
6866	62.560	947	0 2
6867	69.593	947	0 2
6868	45.642	947	0 2
6869	74.299	947	
6870	48.552	947	0 2
6871	50.740	947	0 2
6872	96.211	947	0 2
6873	85.294	947	0 2
6874	96.824	947	0 2
6875	162.752	947	
6876	98.672	947	0 2
6877	161.718	947	
6878	55.002	947	0 2
6879	13.755	947	0 2
6880	17.151	947	0 2
6881	31.168	947	0 2
6882	101.969	947	0 2
6883	166.114	947	0 2
6884	110.414	947	0 2
6885	169.398	947	0 2
6886	80.234	947	0 2
6887	25.246	947	0 2
6888	22.382	947	0 2
6889	146.831	947	0 2
6890	30.497	947	0 2
6891	158.544	947	
6892	103.778	947	
6893	27.661	947	0 2
6894	159.967	947	0 2
6895	124.016	947	0 2
6896	88.557	947	0 2
6897	65.078	947	0 2
6898	64.770	947	0 2
6899	59.530	947	0 2
6900	50.004	947	0 2
6901	46.403	947	0 2
6902	145.458	947	0 2
6903	143.052	947	0 2
6904	144.196	947	0 2
6905	122.556	947	0 2
6906	13.582	947	0 2
6907	18.019	947	0 2
6908	76.274	947	0 2
6909	9.295	947	0 2
6910	138.211	947	0 2
6911	91.319	947	0 2
6912	75.048	947	0 2
6913	14.653	947	0 2
6914	13.882	947	0 2
6915	76.153	947	0 2
6916	50.622	947	0 2
6917	18.939	947	0 2
6918	40.561	947	0 2
6919	71.300	947	0 2
6920	19.250	947	0 2
6921	73.809	947	0 2
6922	56.205	947	0 2
6923	16.652	947	0 2
6924	71.909	947	0 2
6925	56.547	947	0 2
6926	24.156	947	0 2
6927	49.820	947	0 2
6928	86.462	947	0 2
6929	27.570	947	0 2
6930	14.700	947	0 2
6931	89.850	947	0 2
6932	22.989	947	0 2
6933	7.905	947	0 2
6934	47.245	947	0 2
6935	32.700	947	0 2
6936	9.433	947	0 2
6937	21.455	947	0 2
6938	41.164	947	0 2
6939	63.366	947	0 2
6940	28.428	947	
6941	88.752	947	0 2
6942	23.471	947	0 2
6943	10.113	947	0 2
6944	44.552	947	0 2
6945	23.126	947	0 2
6946	92.835	947	
6947	22.654	947	0 2
6948	79.566	947	0 2
6949	54.518	947	0 2
6950	56.148	947	0 2
6951	27.698	947	
6952	81.041	947	0 2
6953	27.341	947	0 2
6954	8.953	947	0 2
6955	41.910	947	0 2
6956	29.136	947	0 2
6957	58.559	947	0 2
6958	110.123	947	0 2
6959	55.326	947	0 2
6960	54.873	947	0 2
6961	49.828	947	0 2
6962	111.754	947	0 2
6963	155.433	947	0 2
6964	66.399	947	0 2
6965	58.202	947	0 2
6966	69.887	947	0 2
6967	119.806	947	0 2
6968	51.021	947	0 2
6969	48.297	947	0 2
6970	50.627	947	
6971	45.706	947	0 2
6972	104.037	947	0 2
6973	119.651	947	0 2
6974	92.209	947	0 2
6975	55.046	947	0 2
6976	42.531	947	0 2
6977	96.460	947	0 2
6978	47.794	947	0 2
6979	102.623	947	0 2
6980	84.118	947	0 2
6981	43.600	947	0 2
6982	145.007	947	0 2
6983	155.200	947	0 2
6984	147.081	947	0 2
6985	141.576	947	0 2
6986	33.776	947	0 2
6987	132.078	947	0 2
6988	137.273	947	0 2
6989	110.446	947	0 2
6990	37.491	947	0 2
6991	20.714	947	0 2
6992	39.152	947	
6993	70.942	947	0 2
6994	50.496	947	0 2
6995	76.575	947	0 2
6996	45.006	947	0 2
6997	66.838	947	0 2
6998	64.118	947	0 2
6999	71.404	947	0 2
7000	91.567	947	
7001	75.365	947	0 2
7002	47.744	947	0 2
7003	128.653	947	
7004	99.001	947	0 2
7005	0.000	947	0 2
7006	69.663	947	0 2
7007	61.308	947	0 2
7008	117.679	947	0 2
7009	43.310	947	0 2
7010	73.227	947	0 2
7011	48.993	947	0 2
7012	52.568	947	0 2
7013	0.000	947	0 2
7014	0.000	947	0 2
7015	0.000	947	0 2
7016	0.000	947	0 2
7017	0.000	947	0 2
7018	0.000	947	0 2
7019	0.000	947	0 2
7020	0.000	947	0 2
7021	253.866	947	
7022	117.907	947	0 2
7023	120.343	947	0 2
7024	110.518	947	0 2
7025	131.907	947	0 2
7026	134.795	947	0 2
7027	174.910	947	0 2
7028	137.050	947	0 2
7029	168.217	947	0 2
7030	145.992	947	0 2
7031	99.052	947	0 2
7032	155.923	947	0 2
7033	110.885	947	0 2
7034	140.641	947	0 2
7035	135.659	947	0 2
7036	88.881	947	0 2
7037	154.088	947	0 2
7038	142.360	947	0 2
7039	104.405	947	0 2
7040	104.311	947	0 2
7041	146.748	947	0 2
7042	126.950	947	0 2
7043	149.727	947	0 2
7044	113.130	947	0 2
7045	116.262	947	0 2
7046	0.000	947	0 2
7047	0.000	947	0 2
7048	0.000	947	0 2
7049	111.748	947	0 2
7050	94.995	947	0 2
7051	94.459	947	0 2
7052	117.243	947	0 2
7053	182.842	947	
7054	24.185	947	
7055	0.000	947	0 2
7056	0.000	947	0 2
7057	0.000	947	0 2
7058	0.000	947	0 2
7059	0.000	947	0 2
7060	0.000	947	0 2
7061	0.000	947	0 2
7062	0.000	947	0 2
7063	0.000	947	0 2
7064	0.000	947	0 2
7065	0.000	947	0 2
7066	0.000	947	0 2
7067	0.000	947	0 2
7068	0.000	947	0 2
7069	0.000	947	0 2
7070	0.000	947	0 2
7071	0.000	947	0 2
7072	52.461	947	
7073	0.000	947	0 2
7074	0.000	947	0 2
7075	23.736	947	0 2
7076	43.466	947	0 2
7077	37.439	947	0 2
7078	35.834	947	0 2
7079	58.607	947	0 2
7080	54.682	947	0 2
7081	77.799	947	0 2
7082	77.852	947	0 2
7083	91.029	947	
7084	49.397	947	0 2
7085	51.801	947	0 2
7086	111.320	947	0 2
7087	59.165	947	0 2
7088	112.918	947	0 2
7089	90.556	947	0 2
7090	58.184	947	0 2
7091	107.649	947	0 2
7092	141.630	947	0 2
7093	135.554	947	0 2
7094	135.726	947	
7095	184.626	947	0 2
7096	115.186	947	0 2
7097	50.207	947	0 2
7098	95.618	947	0 2
7099	47.212	947	0 2
7100	0.000	947	0 2
7101	0.000	947	0 2
7102	0.000	947	0 2
7103	0.000	947	0 2
7104	0.000	947	0 2
7105	0.000	947	0 2
7106	52.685	947	0 2
7107	109.147	947	0 2
7108	248.951	947	none
7109	115.461	947	0 2
7110	76.225	947	0 2
7111	121.293	947	0 2
7112	201.418	947	0 2
7113	0.000	947	0 2
7114	69.910	947	0 2
7115	59.453	947	0 2
7116	53.981	947	0 2
7117	51.877	947	0 2
7118	71.902	947	0 2
7119	89.032	947	0 2
7120	114.827	947	0 2
7121	75.726	947	0 2
7122	56.703	947	0 2
7123	79.309	947	0 2
7124	123.553	947	0 2
7125	32.240	947	0 2
7126	47.926	947	0 2
7127	32.658	947	0 2
7128	72.267	947	0 2
7129	24.826	947	0 2
7130	53.184	947	0 2
7131	46.687	947	0 2
7132	96.638	947	0 2
7133	133.757	947	
7134	79.337	947	0 2
7135	102.270	947	0 2
7136	12.846	947	0 2
7137	50.132	947	0 2
7138	37.155	947	0 2
7139	51.626	947	0 2
7140	44.802	947	0 2
7141	102.447	947	0 2
7142	13.032	947	0 2
7143	39.559	947	0 2
7144	40.753	947	0 2
7145	71.498	947	0 2
7146	64.162	947	0 2
7147	218.872	947	
7148	73.652	947	
7149	68.492	947	0 2
7150	75.897	947	0 2
7151	69.155	947	0 2
7152	79.398	947	0 2
7153	102.971	947	0 2
7154	82.936	947	0 2
7155	170.518	947	0 2
7156	61.542	947	
7157	86.434	947	0 2
7158	40.202	947	0 2
7159	88.521	947	0 2
7160	55.684	947	0 2
7161	63.972	947	0 2
7162	103.921	947	0 2
7163	81.194	947	
7164	93.580	947	0 2
7165	122.083	947	0 2
7166	180.742	947	0 2
7167	71.510	947	0 2
7168	163.292	947	0 2
7169	114.385	947	0 2
7170	142.680	947	0 2
7171	45.825	947	0 2
7172	113.764	947	0 2
7173	81.361	947	0 2
7174	85.488	947	0 2
7175	104.347	947	0 2
7176	93.994	947	0 2
7177	25.331	947	
7178	75.112	947	0 2
7179	48.350	947	0 2
7180	63.838	947	0 2
7181	81.727	947	0 2
7182	61.847	947	0 2
7183	136.635	947	0 2
7184	78.804	947	0 2
7185	56.189	947	0 2
7186	78.947	947	0 2
7187	0.000	947	0 2
7188	0.000	947	0 2
7189	0.000	947	0 2
7190	0.000	947	0 2
7191	0.000	947	0 2
7192	0.000	947	0 2
7193	0.000	947	0 2
7194	0.000	947	0 2
7195	0.000	947	0 2
7196	0.000	947	0 2
7197	0.000	947	0 2
7198	0.001	947	0 2
7199	0.000	947	0 2
7200	0.000	947	0 2
7201	0.000	947	0 2
7202	0.000	947	0 2
7203	0.000	947	0 2
7204	0.000	947	0 2
7205	0.000	947	0 2
7206	0.000	947	0 2
7207	0.000	947	0 2
7208	0.000	947	0 2
7209	0.000	947	0 2
7210	0.000	947	0 2
7211	0.000	947	0 2
7212	0.000	947	0 2
7213	0.000	947	0 2
7214	0.000	947	0 2
7215	0.000	947	0 2
7216	0.000	947	0 2
7217	0.000	947	0 2
7218	0.000	947	0 2
7219	0.000	947	0 2
7220	0.000	947	0 2
7221	0.000	947	0 2
7222	0.000	947	0 2
7223	0.000	947	0 2
7224	0.000	947	0 2
7225	0.000	947	0 2
7226	0.000	947	0 2
7227	0.000	947	0 2
7228	0.000	947	0 2
7229	0.000	947	0 2
7230	0.000	947	0 2
7231	0.000	947	0 2
7232	0.000	947	0 2
7233	0.000	947	0 2
7234	0.000	947	0 2
7235	0.000	947	0 2
7236	0.000	947	0 2
7237	124.405	947	0 2
7238	91.362	947	0 2
7239	93.840	947	0 2
7240	196.173	947	0 2
7241	199.943	947	0 2
7242	185.271	947	0 2
7243	75.212	947	0 2
7244	95.344	947	0 2
7245	103.392	947	0 2
7246	129.577	947	0 2
7247	77.713	947	0 2
7248	68.669	947	0 2
7249	77.688	947	0 2
7250	28.485	947	0 2
7251	47.881	947	0 2
7252	49.084	947	0 2
7253	35.014	947	0 2
7254	66.817	947	0 2
7255	49.246	947	0 2
7256	90.390	947	none
7257	94.129	947	0 2
7258	65.489	947	0 2
7259	62.945	947	0 2
7260	71.200	947	0 2
7261	95.353	947	0 2
7262	64.095	947	0 2
7263	131.086	947	0 2
7264	117.308	947	0 2
7265	58.851	947	
7266	28.065	947	0 2
7267	62.328	947	0 2
7268	24.900	947	0 2
7269	7.928	947	0 2
7270	15.531	947	0 2
7271	11.626	947	0 2
7272	7.522	947	0 2
7273	18.158	947	
7274	19.934	947	0 2
7275	36.069	947	0 2
7276	32.556	947	0 2
7277	26.976	947	0 2
7278	12.824	947	0 2
7279	15.448	947	0 2
7280	31.611	947	0 2
7281	47.665	947	0 2
7282	49.587	947	0 2
7283	22.018	947	0 2
7284	68.453	947	0 2
7285	59.248	947	0 2
7286	79.505	947	0 2
7287	89.496	947	0 2
7288	64.771	947	0 2
7289	14.052	947	0 2
7290	27.881	947	0 2
7291	66.154	947	0 2
7292	35.504	947	0 2
7293	137.543	947	0 2
7294	112.653	947	0 2
7295	129.856	947	0 2
7296	69.453	947	0 2
7297	58.040	947	
7298	56.091	947	0 2
7299	48.489	947	0 2
7300	102.887	947	0 2
7301	64.284	947	0 2
7302	124.579	947	0 2
7303	53.147	947	0 2
7304	12.435	947	0 2
7305	20.969	947	0 2
7306	16.311	947	0 2
7307	0.000	947	0 2
7308	0.000	947	0 2
7309	0.000	947	0 2
7310	0.000	947	0 2
7311	0.000	947	0 2
7312	0.000	947	0 2
7313	0.000	947	0 2
7314	0.000	947	0 2
7315	0.000	947	0 2
7316	0.000	947	0 2
7317	0.000	947	0 2
7318	102.890	947	
7319	36.929	947	0 2
7320	79.310	947	0 2
7321	103.313	947	0 2
7322	79.369	947	0 2
7323	0.000	947	0 2
7324	0.000	947	0 2
7325	0.000	947	0 2
7326	0.000	947	0 2
7327	0.000	947	0 2
7328	0.000	947	0 2
7329	118.764	947	0 2
7330	97.805	947	0 2
7331	99.509	947	0 2
7332	62.116	947	0 2
7333	30.948	947	0 2
7334	69.267	947	0 2
7335	122.983	947	0 2
7336	89.201	947	
7337	138.446	947	0 2
7338	56.292	947	0 2
7339	103.505	947	0 2
7340	48.120	947	0 2
7341	80.379	947	0 2
7342	120.502	947	0 2
7343	107.242	947	0 2
7344	0.000	947	0 2
7345	0.000	947	0 2
7346	0.000	947	0 2
7347	78.684	947	0 2
7348	44.809	947	0 2
7349	0.000	947	0 2
7350	0.000	947	0 2
7351	117.078	947	0 2
7352	66.880	947	0 2
7353	33.384	947	0 2
7354	63.086	947	0 2
7355	119.400	947	0 2
7356	102.081	947	0 2
7357	116.947	947	0 2
7358	121.826	947	0 2
7359	152.309	947	0 2
7360	138.883	947	0 2
7361	62.598	947	0 2
7362	88.644	947	0 2
7363	82.806	947	0 2
7364	151.638	947	0 2
7365	199.998	947	0 2
7366	553.413	947	0 2
7367	237.904	947	0 2
7368	134.091	947	0 2
7369	85.401	947	0 2
7370	84.879	947	0 2
7371	199.024	947	0 2
7372	79.296	947	0 2
7373	148.380	947	0 2
7374	155.833	947	0 2
7375	104.953	947	0 2
7376	39.693	947	0 2
7377	70.458	947	0 2
7378	72.779	947	0 2
7379	116.398	947	0 2
7380	30.110	947	0 2
7381	64.889	947	0 2
7382	56.354	947	0 2
7383	72.344	947	0 2
7384	56.575	947	0 2
7385	60.188	947	0 2
7386	55.411	947	0 2
7387	64.302	947	0 2
7388	55.632	947	0 2
7389	36.225	947	0 2
7390	35.879	947	0 2
7391	71.040	947	0 2
7392	91.367	947	0 2
7393	70.099	947	0 2
7394	71.042	947	0 2
7395	32.268	947	0 2
7396	30.261	947	0 2
7397	58.680	947	0 2
7398	104.673	947	0 2
7399	54.785	947	0 2
7400	85.690	947	0 2
7401	42.155	947	0 2
7402	65.596	947	0 2
7403	36.404	947	0 2
7404	46.164	947	0 2
7405	80.491	947	0 2
7406	75.147	947	0 2
7407	86.320	947	0 2
7408	125.550	947	0 2
7409	117.744	947	0 2
7410	71.058	947	
7411	58.003	947	0 2
7412	38.497	947	0 2
7413	68.208	947	0 2
7414	25.598	947	0 2
7415	73.276	947	0 2
7416	56.688	947	0 2
7417	102.928	947	0 2
7418	82.324	947	0 2
7419	86.229	947	0 2
7420	141.343	947	0 2
7421	15.611	947	0 2
7422	64.593	947	0 2
7423	34.343	947	0 2
7424	47.659	947	0 2
7425	63.996	947	0 2
7426	100.190	947	0 2
7427	18.594	947	0 2
7428	47.106	947	0 2
7429	40.690	947	0 2
7430	79.014	947	0 2
7431	112.830	947	0 2
7432	122.744	947	0 2
7433	65.804	947	0 2
7434	84.133	947	0 2
7435	97.771	947	0 2
7436	76.976	947	0 2
7437	46.074	947	0 2
7438	71.153	947	0 2
7439	62.629	947	0 2
7440	106.609	947	0 2
7441	29.198	947	0 2
7442	30.981	947	0 2
7443	32.906	947	0 2
7444	33.241	947	0 2
7445	13.660	947	0 2
7446	21.717	947	0 2
7447	41.704	947	0 2
7448	45.497	947	0 2
7449	58.307	947	0 2
7450	56.066	947	0 2
7451	42.986	947	0 2
7452	9.871	947	0 2
7453	45.731	947	0 2
7454	13.885	947	0 2
7455	34.133	947	0 2
7456	29.212	947	0 2
7457	49.690	947	0 2
7458	8.557	947	0 2
7459	25.933	947	0 2
7460	16.197	947	0 2
7461	29.002	947	0 2
7462	20.718	947	0 2
7463	36.637	947	0 2
7464	13.013	947	0 2
7465	13.096	947	0 2
7466	17.723	947	0 2
7467	16.521	947	0 2
7468	43.212	947	0 2
7469	40.758	947	0 2
7470	65.181	947	0 2
7471	73.838	947	0 2
7472	13.264	947	0 2
7473	57.109	947	0 2
7474	17.182	947	0 2
7475	38.147	947	0 2
7476	40.346	947	0 2
7477	127.895	947	0 2
7478	50.608	947	0 2
7479	57.520	947	0 2
7480	90.245	947	0 2
7481	12.183	947	0 2
7482	60.462	947	0 2
7483	31.949	947	0 2
7484	41.372	947	0 2
7485	37.620	947	0 2
7486	406.538	947	0 2
7487	52.537	947	0 2
7488	39.982	947	0 2
7489	64.535	947	0 2
7490	105.328	947	0 2
7491	128.332	947	0 2
7492	69.739	947	0 2
7493	162.952	947	0 2
7494	47.012	947	0 2
7495	61.064	947	0 2
7496	69.025	947	0 2
7497	41.514	947	0 2
7498	248.002	947	
7499	71.226	947	0 2
7500	89.780	947	0 2
7501	129.689	947	0 2
7502	54.945	947	
7503	39.722	947	0 2
7504	34.302	947	0 2
7505	72.879	947	0 2
7506	88.361	947	0 2
7507	38.246	947	0 2
7508	12.749	947	0 2
7509	18.251	947	0 2
7510	23.454	947	0 2
7511	65.025	947	0 2
7512	21.861	947	0 2
7513	80.580	947	0 2
7514	21.885	947	0 2
7515	14.479	947	0 2
7516	53.021	947	0 2
7517	32.456	947	0 2
7518	91.876	947	0 2
7519	53.816	947	0 2
7520	34.896	947	0 2
7521	77.167	947	0 2
7522	28.577	947	0 2
7523	122.243	947	0 2
7524	67.058	947	0 2
7525	136.961	947	0 2
7526	73.277	947	0 2
7527	22.259	947	0 2
7528	51.555	947	0 2
7529	30.663	947	0 2
7530	181.826	947	0 2
7531	71.479	947	0 2
7532	33.260	947	0 2
7533	99.763	947	0 2
7534	20.552	947	0 2
7535	0.000	947	0 2
7536	0.000	947	0 2
7537	0.001	947	0 2
7538	0.000	947	0 2
7539	0.000	947	0 2
7540	0.000	947	0 2
7541	0.000	947	0 2
7542	0.000	947	0 2
7543	0.000	947	0 2
7544	0.000	947	0 2
7545	0.000	947	0 2
7546	0.000	947	0 2
7547	0.000	947	0 2
7548	0.000	947	0 2
7549	0.000	947	0 2
7550	0.000	947	0 2
7551	0.000	947	0 2
7552	0.000	947	0 2
7553	0.000	947	0 2
7554	113.359	947	
7555	0.000	947	0 2
7556	0.000	947	0 2
7557	0.000	947	0 2
7558	0.000	947	0 2
7559	0.000	947	0 2
7560	0.000	947	0 2
7561	0.000	947	0 2
7562	0.000	947	0 2
7563	0.000	947	0 2
7564	0.000	947	0 2
7565	0.000	947	0 2
7566	0.000	947	0 2
7567	0.000	947	0 2
7568	0.000	947	0 2
7569	0.000	947	0 2
7570	0.000	947	0 2
7571	0.000	947	0 2
7572	0.000	947	0 2
7573	0.000	947	0 2
7574	0.000	947	0 2
7575	0.000	947	0 2
7576	0.000	947	0 2
7577	0.000	947	0 2
7578	0.000	947	0 2
7579	0.000	947	0 2
7580	0.000	947	0 2
7581	0.000	947	0 2
7582	0.000	947	0 2
7583	0.000	947	0 2
7584	0.000	947	0 2
7585	0.000	947	0 2
7586	0.000	947	0 2
7587	0.000	947	0 2
7588	0.000	947	0 2
7589	54.540	947	
7590	109.442	947	0 2
7591	140.637	947	0 2
7592	106.676	947	0 2
7593	120.057	947	0 2
7594	110.566	947	0 2
7595	194.657	947	0 2
7596	66.932	947	0 2
7597	36.660	947	0 2
7598	47.926	947	0 2
7599	41.984	947	0 2
7600	105.210	947	0 2
7601	140.504	947	0 2
7602	201.698	947	
7603	81.913	947	0 2
7604	112.623	947	0 2
7605	93.295	947	0 2
7606	190.502	947	0 2
7607	139.920	947	0 2
7608	198.553	947	0 2
7609	62.476	947	0 2
7610	134.397	947	0 2
7611	70.808	947	0 2
7612	78.422	947	0 2
7613	53.904	947	0 2
7614	98.369	947	0 2
7615	47.857	947	0 2
7616	14.180	947	0 2
7617	25.030	947	0 2
7618	19.762	947	0 2
7619	75.758	947	0 2
7620	165.602	947	0 2
7621	151.655	947	0 2
7622	52.374	947	0 2
7623	113.735	947	0 2
7624	106.670	947	0 2
7625	120.696	947	0 2
7626	60.825	947	0 2
7627	118.961	947	
7628	140.275	947	0 2
7629	50.022	947	0 2
7630	39.585	947	0 2
7631	134.422	947	0 2
7632	256.311	947	0 2
7633	130.666	947	0 2
7634	57.779	947	0 2
7635	133.793	947	0 2
7636	93.290	947	0 2
7637	179.188	947	0 2
7638	157.127	947	0 2
7639	62.604	947	0 2
7640	40.078	947	0 2
7641	109.219	947	
7642	132.308	947	0 2
7643	76.788	947	0 2
7644	78.254	947	0 2
7645	120.223	947	0 2
7646	60.678	947	0 2
7647	60.569	947	0 2
7648	102.366	947	0 2
7649	82.409	947	0 2
7650	25.226	947	0 2
7651	49.040	947	0 2
7652	115.948	947	
7653	137.237	947	0 2
7654	259.031	947	
7655	196.252	947	0 2
7656	104.248	947	0 2
7657	69.385	947	
7658	192.536	947	0 2
7659	243.567	947	0 2
7660	168.070	947	0 2
7661	19.064	947	0 2
7662	67.142	947	0 2
7663	87.738	947	0 2
7664	28.983	947	0 2
7665	201.176	947	0 2
7666	128.711	947	
7667	107.332	947	0 2
7668	316.446	947	0 2
7669	114.814	947	0 2
7670	66.266	947	0 2
7671	62.016	947	0 2
7672	369.119	947	0 2
7673	99.182	947	0 2
7674	161.340	947	0 2
7675	101.222	947	0 2
7676	40.002	947	0 2
7677	142.805	947	0 2
7678	45.958	947	0 2
7679	251.372	947	0 2
7680	123.311	947	0 2
7681	247.969	947	0 2
7682	149.774	947	0 2
7683	31.312	947	0 2
7684	67.690	947	
7685	139.389	947	0 2
7686	113.738	947	0 2
7687	217.056	947	0 2
7688	89.739	947	
7689	112.962	947	0 2
7690	152.948	947	0 2
7691	163.209	947	0 2
7692	209.306	947	0 2
7693	178.328	947	0 2
7694	96.759	947	0 2
7695	191.549	947	0 2
7696	172.584	947	0 2
7697	142.782	947	0 2
7698	71.785	947	0 2
7699	143.725	947	0 2
7700	103.507	947	0 2
7701	149.461	947	0 2
7702	259.695	947	0 2
7703	261.714	947	0 2
7704	197.611	947	0 2
7705	236.006	947	0 2
7706	254.365	947	0 2
7707	257.187	947	0 2
7708	265.186	947	0 2
7709	188.239	947	0 2
7710	170.493	947	0 2
7711	126.308	947	0 2
7712	44.840	947	0 2
7713	182.846	947	0 2
7714	107.590	947	0 2
7715	130.501	947	0 2
7716	119.453	947	0 2
7717	111.760	947	0 2
7718	106.587	947	0 2
7719	103.839	947	0 2
7720	85.793	947	0 2
7721	46.231	947	0 2
7722	56.539	947	0 2
7723	88.354	947	0 2
7724	114.103	947	0 2
7725	82.666	947	
7726	101.890	947	0 2
7727	151.789	947	
7728	75.389	947	0 2
7729	50.153	947	0 2
7730	82.064	947	0 2
7731	71.476	947	
7732	121.642	947	0 2
7733	198.744	947	0 2
7734	167.241	947	0 2
7735	95.070	947	0 2
7736	22.794	947	0 2
7737	29.868	947	0 2
7738	45.586	947	0 2
7739	94.988	947	0 2
7740	30.022	947	0 2
7741	114.998	947	0 2
7742	45.558	947	0 2
7743	205.565	947	0 2
7744	101.498	947	0 2
7745	152.526	947	0 2
7746	26.682	947	0 2
7747	106.614	947	0 2
7748	113.337	947	0 2
7749	38.804	947	0 2
7750	167.050	947	0 2
7751	144.351	947	0 2
7752	54.758	947	0 2
7753	147.551	947	0 2
7754	134.665	947	0 2
7755	38.332	947	0 2
7756	63.319	947	0 2
7757	69.769	947	0 2
7758	117.166	947	0 2
7759	160.793	947	0 2
7760	182.668	947	0 2
7761	112.023	947	0 2
7762	122.372	947	0 2
7763	123.455	947	0 2
7764	115.634	947	0 2
7765	317.682	947	0 2
7766	191.330	947	0 2
7767	230.145	947	0 2
7768	214.388	947	0 2
7769	42.090	947	0 2
7770	108.231	947	0 2
7771	80.030	947	0 2
7772	114.303	947	0 2
7773	128.557	947	0 2
7774	37.078	947	0 2
7775	45.083	947	0 2
7776	92.218	947	0 2
7777	137.556	947	0 2
7778	157.168	947	0 2
7779	148.407	947	0 2
7780	71.441	947	0 2
7781	142.294	947	0 2
7782	197.633	947	0 2
7783	73.333	947	0 2
7784	279.467	947	0 2
7785	229.388	947	0 2
7786	174.968	947	0 2
7787	169.393	947	0 2
7788	92.405	947	0 2
7789	128.545	947	0 2
7790	77.440	947	0 2
7791	29.169	947	0 2
7792	91.574	947	0 2
7793	55.391	947	0 2
7794	74.131	947	
7795	64.259	947	0 2
7796	116.113	947	0 2
7797	47.077	947	0 2
7798	63.996	947	0 2
7799	75.452	947	0 2
7800	203.189	947	
7801	104.998	947	0 2
7802	247.616	947	
7803	90.621	947	0 2
7804	59.291	947	0 2
7805	17.044	947	0 2
7806	20.551	947	0 2
7807	32.049	947	0 2
7808	31.384	947	0 2
7809	19.387	947	0 2
7810	43.954	947	0 2
7811	25.435	947	0 2
7812	47.114	947	0 2
7813	81.984	947	
7814	223.964	947	0 2
7815	111.485	947	0 2
7816	183.303	947	0 2
7817	74.317	947	0 2
7818	210.224	947	0 2
7819	134.284	947	0 2
7820	102.961	947	0 2
7821	95.474	947	0 2
7822	35.625	947	0 2
7823	59.283	947	0 2
7824	52.880	947	0 2
7825	146.579	947	0 2
7826	174.021	947	0 2
7827	125.694	947	0 2
7828	33.918	947	0 2
7829	170.023	947	0 2
7830	217.940	947	0 2
7831	159.579	947	0 2
7832	27.515	947	0 2
7833	21.523	947	0 2
7834	31.547	947	0 2
7835	68.313	947	0 2
7836	135.582	947	0 2
7837	51.635	947	0 2
7838	69.189	947	0 2
7839	56.677	947	0 2
7840	50.488	947	0 2
7841	143.990	947	0 2
7842	178.246	947	0 2
7843	125.165	947	0 2
7844	142.100	947	0 2
7845	38.673	947	0 2
7846	146.438	947	0 2
7847	189.582	947	0 2
7848	72.336	947	0 2
7849	27.497	947	0 2
7850	125.243	947	0 2
7851	141.072	947	0 2
7852	101.465	947	0 2
7853	46.767	947	0 2
7854	69.461	947	0 2
7855	100.242	947	0 2
7856	73.652	947	0 2
7857	436.797	947	
7858	45.081	947	0 2
7859	64.343	947	0 2
7860	37.521	947	0 2
7861	84.867	947	0 2
7862	22.099	947	0 2
7863	75.810	947	0 2
7864	37.265	947	0 2
7865	26.821	947	0 2
7866	12.547	947	0 2
7867	19.193	947	0 2
7868	15.514	947	0 2
7869	208.562	947	0 2
7870	181.128	947	0 2
7871	198.207	947	0 2
7872	46.355	947	0 2
7873	96.748	947	0 2
7874	166.325	947	0 2
7875	151.375	947	0 2
7876	205.862	947	
7877	164.652	947	0 2
7878	97.888	947	0 2
7879	68.997	947	0 2
7880	23.913	947	0 2
7881	22.026	947	0 2
7882	132.741	947	0 2
7883	75.604	947	0 2
7884	59.929	947	0 2
7885	97.151	947	0 2
7886	108.016	947	0 2
7887	125.456	947	0 2
7888	74.923	947	0 2
7889	106.485	947	0 2
7890	56.257	947	0 2
7891	44.043	947	0 2
7892	114.700	947	0 2
7893	152.494	947	0 2
7894	37.443	947	0 2
7895	103.106	947	0 2
7896	28.633	947	0 2
7897	87.082	947	0 2
7898	63.640	947	0 2
7899	55.629	947	0 2
7900	147.058	947	0 2
7901	118.905	947	0 2
7902	95.563	947	0 2
7903	82.550	947	0 2
7904	142.223	947	0 2
7905	100.371	947	0 2
7906	77.886	947	0 2
7907	82.514	947	0 2
7908	95.168	947	0 2
7909	114.069	947	0 2
7910	57.505	947	0 2
7911	78.112	947	0 2
7912	112.891	947	0 2
7913	159.745	947	0 2
7914	82.720	947	0 2
7915	158.043	947	0 2
7916	53.298	947	0 2
7917	167.876	947	0 2
7918	86.088	947	0 2
7919	91.612	947	0 2
7920	76.948	947	0 2
7921	117.188	947	0 2
7922	32.152	947	0 2
7923	44.443	947	0 2
7924	41.325	947	0 2
7925	79.216	947	0 2
7926	50.251	947	0 2
7927	75.755	947	0 2
7928	31.355	947	0 2
7929	52.383	947	0 2
7930	17.246	947	0 2
7931	25.079	947	0 2
7932	64.120	947	
7933	88.808	947	0 2
7934	99.644	947	0 2
7935	48.688	947	0 2
7936	257.697	947	0 2
7937	91.336	947	0 2
7938	198.691	947	0 2
7939	85.047	947	0 2
7940	180.013	947	0 2
7941	122.122	947	0 2
7942	291.669	947	0 2
7943	127.859	947	0 2
7944	205.429	947	
7945	205.421	947	0 2
7946	90.508	947	0 2
7947	128.170	947	0 2
7948	38.148	947	0 2
7949	87.985	947	0 2
7950	54.441	947	0 2
7951	128.203	947	0 2
7952	113.639	947	0 2
7953	178.908	947	0 2
7954	155.949	947	0 2
7955	217.739	947	0 2
7956	86.819	947	0 2
7957	212.838	947	0 2
7958	213.543	947	0 2
7959	258.145	947	0 2
7960	201.783	947	0 2
7961	115.887	947	0 2
7962	183.454	947	0 2
7963	162.498	947	0 2
7964	113.577	947	0 2
7965	129.913	947	0 2
7966	148.761	947	
7967	16.143	947	0 2
7968	25.698	947	0 2
7969	113.267	947	0 2
7970	68.840	947	0 2
7971	127.858	947	0 2
7972	119.433	947	0 2
7973	74.882	947	0 2
7974	81.788	947	0 2
7975	105.136	947	0 2
7976	143.765	947	0 2
7977	24.860	947	0 2
7978	158.957	947	0 2
7979	169.024	947	0 2
7980	79.434	947	0 2
7981	72.417	947	0 2
7982	122.183	947	0 2
7983	9.489	947	0 2
7984	55.830	947	0 2
7985	35.346	947	0 2
7986	89.559	947	0 2
7987	46.071	947	0 2
7988	89.270	947	0 2
7989	144.299	947	0 2
7990	215.522	947	0 2
7991	188.656	947	0 2
7992	201.856	947	0 2
7993	200.417	947	0 2
7994	166.987	947	0 2
7995	146.731	947	0 2
7996	64.065	947	0 2
7997	96.934	947	0 2
7998	94.734	947	0 2
7999	78.536	947	0 2
8000	60.944	947	0 2
8001	103.788	947	0 2
8002	28.009	947	0 2
8003	33.301	947	0 2
8004	112.768	947	0 2
8005	125.252	947	0 2
8006	87.722	947	0 2
8007	200.047	947	0 2
8008	61.410	947	0 2
8009	112.658	947	0 2
8010	83.901	947	0 2
8011	97.352	947	0 2
8012	26.193	947	0 2
8013	153.919	947	0 2
8014	87.835	947	0 2
8015	191.601	947	0 2
8016	68.310	947	0 2
8017	80.427	947	0 2
8018	113.763	947	0 2
8019	130.876	947	0 2
8020	157.425	947	0 2
8021	161.828	947	
8022	177.444	947	0 2
8023	78.545	947	0 2
8024	75.869	947	0 2
8025	70.376	947	0 2
8026	216.303	947	
8027	94.916	947	0 2
8028	218.479	947	
8029	86.466	947	0 2
8030	28.768	947	0 2
